date_time,maxtempC,mintempC,totalSnow_cm,sunHour,uvIndex,moon_illumination,moonrise,moonset,sunrise,sunset,DewPointC,FeelsLikeC,HeatIndexC,WindChillC,WindGustKmph,cloudcover,humidity,precipMM,pressure,tempC,visibility,winddirDegree,windspeedKmph,location
2019-01-01,31,16,0.0,11.0,7,26,03:23 AM,03:09 PM,07:20 AM,06:21 PM,16,25,25,24,10,5,68,0.0,1018,31,10,36,8,boise
2019-01-02,32,15,0.0,11.0,7,19,04:17 AM,03:52 PM,07:21 AM,06:22 PM,17,25,25,24,7,9,67,0.0,1017,32,9,27,7,boise
2019-01-03,32,17,0.0,11.0,7,11,05:10 AM,04:37 PM,07:21 AM,06:23 PM,18,27,27,26,9,15,69,0.0,1017,32,9,111,6,boise
2019-01-04,33,18,0.0,11.0,7,4,06:03 AM,05:25 PM,07:21 AM,06:23 PM,18,27,27,26,9,7,69,0.0,1017,33,10,132,6,boise
2019-01-05,32,16,0.0,11.0,7,0,06:55 AM,06:14 PM,07:22 AM,06:24 PM,18,25,25,25,8,13,70,0.0,1017,32,10,145,5,boise
2019-01-06,32,18,0.0,11.0,7,0,07:44 AM,07:05 PM,07:22 AM,06:24 PM,19,25,25,25,11,12,72,0.0,1018,32,10,83,7,boise
2019-01-07,31,17,0.0,11.0,7,3,08:30 AM,07:55 PM,07:22 AM,06:25 PM,19,25,25,24,11,16,74,0.2,1018,31,10,31,7,boise
2019-01-08,31,16,0.0,11.0,7,10,09:14 AM,08:45 PM,07:22 AM,06:26 PM,18,25,25,25,8,24,73,0.0,1017,31,7,55,6,boise
2019-01-09,30,17,0.0,11.0,7,18,09:55 AM,09:35 PM,07:23 AM,06:26 PM,17,25,25,24,8,14,71,0.0,1016,30,10,209,5,boise
2019-01-10,29,16,0.0,8.6,5,25,10:33 AM,10:23 PM,07:23 AM,06:27 PM,18,23,23,23,7,40,76,5.1,1015,29,10,236,6,boise
2019-01-11,29,16,0.0,8.6,5,32,11:10 AM,11:12 PM,07:23 AM,06:28 PM,19,23,23,23,10,53,80,5.9,1016,29,9,28,6,boise
2019-01-12,29,19,0.0,8.6,5,39,11:46 AM,No moonset,07:23 AM,06:28 PM,19,23,23,23,12,55,80,1.5,1018,29,8,30,9,boise
2019-01-13,30,18,0.0,10.1,6,47,12:22 PM,12:01 AM,07:23 AM,06:29 PM,19,26,26,25,11,43,77,0.7,1018,30,8,29,6,boise
2019-01-14,29,17,0.0,10.1,7,54,01:00 PM,12:51 AM,07:23 AM,06:30 PM,19,24,24,24,7,29,77,0.8,1017,29,10,58,6,boise
2019-01-15,29,20,0.0,11.1,7,61,01:40 PM,01:43 AM,07:23 AM,06:30 PM,18,25,25,24,9,22,76,0.6,1017,29,10,61,6,boise
2019-01-16,29,15,0.0,11.1,6,69,02:23 PM,02:37 AM,07:23 AM,06:31 PM,18,24,24,24,8,13,76,0.0,1018,29,10,50,7,boise
2019-01-17,30,16,0.0,11.1,6,76,03:13 PM,03:35 AM,07:23 AM,06:32 PM,17,24,24,23,11,23,74,0.1,1018,30,10,50,8,boise
2019-01-18,30,17,0.0,11.1,7,83,04:07 PM,04:36 AM,07:23 AM,06:32 PM,18,24,24,24,8,30,75,0.9,1017,30,10,42,7,boise
2019-01-19,30,17,0.0,11.1,7,90,05:07 PM,05:39 AM,07:23 AM,06:33 PM,19,25,25,24,6,29,76,0.5,1017,30,10,95,6,boise
2019-01-20,31,16,0.0,11.1,7,98,06:12 PM,06:42 AM,07:23 AM,06:33 PM,18,25,25,24,9,24,73,0.0,1017,31,10,108,6,boise
2019-01-21,31,17,0.0,11.1,7,100,07:18 PM,07:43 AM,07:23 AM,06:34 PM,18,25,25,24,13,14,74,0.0,1018,31,9,32,8,boise
2019-01-22,30,17,0.0,11.1,7,88,08:24 PM,08:39 AM,07:23 AM,06:35 PM,17,26,26,25,16,10,70,0.0,1019,30,8,33,14,boise
2019-01-23,31,16,0.0,11.1,7,81,09:28 PM,09:31 AM,07:23 AM,06:35 PM,17,26,26,25,7,12,68,0.0,1018,31,8,71,7,boise
2019-01-24,32,16,0.0,11.1,7,73,10:29 PM,10:18 AM,07:23 AM,06:36 PM,17,25,25,24,8,10,70,0.0,1018,32,10,122,8,boise
2019-01-25,31,16,0.0,11.1,7,66,11:28 PM,11:03 AM,07:23 AM,06:37 PM,16,26,26,25,10,6,66,0.0,1017,31,10,121,7,boise
2019-01-26,30,17,0.0,11.1,7,59,No moonrise,11:45 AM,07:23 AM,06:37 PM,18,25,25,24,11,18,71,0.0,1016,30,10,84,7,boise
2019-01-27,32,17,0.0,11.2,7,51,12:24 AM,12:27 PM,07:23 AM,06:38 PM,17,26,26,26,17,13,69,0.0,1015,32,10,147,8,boise
2019-01-28,31,17,0.0,11.2,7,44,01:19 AM,01:09 PM,07:22 AM,06:38 PM,18,26,26,25,13,11,71,0.0,1015,31,10,141,6,boise
2019-01-29,31,20,0.0,11.2,7,37,02:13 AM,01:52 PM,07:22 AM,06:39 PM,19,27,27,26,8,22,76,0.6,1015,31,10,159,6,boise
2019-01-30,30,17,0.0,8.6,6,30,03:07 AM,02:36 PM,07:22 AM,06:39 PM,19,25,25,25,8,46,75,0.2,1016,30,10,29,6,boise
2019-01-31,31,17,0.0,11.2,7,26,03:59 AM,03:23 PM,07:22 AM,06:40 PM,18,26,26,26,10,9,73,0.0,1017,31,9,45,7,boise
2019-02-01,31,19,0.0,11.2,7,8,04:51 AM,04:11 PM,07:21 AM,06:41 PM,18,25,25,25,9,15,71,0.0,1017,31,10,18,6,boise
2019-02-02,31,17,0.0,11.2,7,1,05:41 AM,05:00 PM,07:21 AM,06:41 PM,18,25,25,25,6,23,70,0.1,1017,31,10,47,7,boise
2019-02-03,31,17,0.0,11.2,7,0,06:27 AM,05:51 PM,07:21 AM,06:42 PM,18,25,25,25,7,24,72,0.0,1015,31,10,107,5,boise
2019-02-04,30,19,0.0,11.2,7,0,07:12 AM,06:41 PM,07:21 AM,06:42 PM,18,25,25,25,10,27,72,1.0,1015,30,11,241,7,boise
2019-02-05,28,20,0.0,8.6,5,0,07:54 AM,07:31 PM,07:20 AM,06:43 PM,17,23,23,22,12,43,76,3.7,1016,28,11,20,7,boise
2019-02-06,27,20,0.0,8.6,5,7,08:33 AM,08:20 PM,07:20 AM,06:43 PM,17,22,22,21,16,49,80,1.6,1016,27,8,20,10,boise
2019-02-07,28,20,0.0,11.3,6,14,09:10 AM,09:09 PM,07:19 AM,06:44 PM,16,22,22,22,17,40,75,0.2,1016,28,9,33,11,boise
2019-02-08,31,20,0.0,11.3,7,22,09:47 AM,09:57 PM,07:19 AM,06:44 PM,18,26,26,25,9,27,71,0.3,1016,31,10,43,10,boise
2019-02-09,31,17,0.0,11.3,7,29,10:22 AM,10:46 PM,07:19 AM,06:45 PM,18,25,25,25,16,18,70,0.0,1017,31,18,34,10,boise
2019-02-10,30,17,0.0,11.3,7,37,10:59 AM,11:36 PM,07:18 AM,06:45 PM,17,24,24,24,11,27,67,0.0,1017,30,11,47,10,boise
2019-02-11,31,17,0.0,11.3,7,44,11:37 AM,No moonset,07:18 AM,06:46 PM,17,26,26,25,11,14,65,0.0,1017,31,13,41,9,boise
2019-02-12,31,17,0.0,11.3,7,52,12:17 PM,12:27 AM,07:17 AM,06:46 PM,16,26,26,25,9,9,62,0.0,1017,31,11,95,7,boise
2019-02-13,31,18,0.0,11.3,7,60,01:02 PM,01:22 AM,07:17 AM,06:47 PM,17,25,25,25,11,15,66,0.0,1016,31,13,138,6,boise
2019-02-14,31,18,0.0,11.3,7,67,01:52 PM,02:19 AM,07:16 AM,06:47 PM,18,27,27,26,11,24,66,0.0,1016,31,13,94,6,boise
2019-02-15,28,22,0.0,8.6,6,75,02:47 PM,03:19 AM,07:16 AM,06:48 PM,19,25,25,25,11,43,74,1.9,1016,28,12,222,7,boise
2019-02-16,32,21,0.0,11.3,7,82,03:49 PM,04:20 AM,07:15 AM,06:48 PM,18,27,27,26,10,28,68,0.2,1016,32,15,97,9,boise
2019-02-17,33,20,0.0,10.1,7,90,04:53 PM,05:22 AM,07:15 AM,06:48 PM,20,27,27,26,8,30,71,1.6,1017,33,14,89,6,boise
2019-02-18,32,22,0.0,11.4,7,97,06:00 PM,06:20 AM,07:14 AM,06:49 PM,19,28,28,27,7,27,69,0.9,1018,32,11,70,5,boise
2019-02-19,32,19,0.0,11.4,7,100,07:06 PM,07:15 AM,07:13 AM,06:49 PM,17,27,27,26,7,8,64,0.0,1018,32,10,31,6,boise
2019-02-20,32,17,0.0,11.4,7,88,08:09 PM,08:05 AM,07:13 AM,06:50 PM,16,27,27,26,6,5,61,0.0,1017,32,10,93,5,boise
2019-02-21,33,17,0.0,11.4,7,80,09:11 PM,08:52 AM,07:12 AM,06:50 PM,16,27,27,26,6,6,62,0.0,1018,33,10,96,6,boise
2019-02-22,33,17,0.0,11.4,7,73,10:11 PM,09:38 AM,07:11 AM,06:50 PM,17,27,27,26,6,3,63,0.0,1018,33,11,117,7,boise
2019-02-23,33,18,0.0,11.4,7,65,11:09 PM,10:21 AM,07:11 AM,06:51 PM,17,28,28,27,9,7,64,0.0,1018,33,20,28,6,boise
2019-02-24,33,18,0.0,11.4,7,57,No moonrise,11:04 AM,07:10 AM,06:51 PM,17,27,27,26,6,8,63,0.0,1018,33,10,198,5,boise
2019-02-25,33,18,0.0,11.4,7,50,12:05 AM,11:48 AM,07:10 AM,06:52 PM,17,26,26,26,14,3,64,0.0,1018,33,10,27,7,boise
2019-02-26,32,18,0.0,11.4,7,42,01:01 AM,12:33 PM,07:09 AM,06:52 PM,17,26,26,25,12,11,63,0.0,1018,32,10,34,10,boise
2019-02-27,32,18,0.0,11.4,7,35,01:55 AM,01:19 PM,07:08 AM,06:52 PM,17,26,26,26,8,16,64,0.0,1017,32,10,45,6,boise
2019-02-28,32,19,0.0,11.5,7,27,02:47 AM,02:07 PM,07:07 AM,06:53 PM,17,27,27,26,7,22,64,0.0,1017,32,10,139,7,boise
2019-03-01,32,19,0.0,10.1,7,26,03:38 AM,02:57 PM,07:07 AM,06:53 PM,18,27,27,26,11,31,68,0.1,1017,32,10,81,5,boise
2019-03-02,32,19,0.0,8.7,6,19,04:25 AM,03:47 PM,07:06 AM,06:53 PM,18,26,26,25,13,43,68,1.1,1017,32,10,189,5,boise
2019-03-03,31,19,0.0,11.5,7,12,05:11 AM,04:37 PM,07:05 AM,06:54 PM,19,26,26,25,9,45,70,0.3,1016,31,10,84,7,boise
2019-03-04,30,19,0.0,11.5,7,4,05:53 AM,05:27 PM,07:04 AM,06:54 PM,14,24,24,24,10,26,58,0.1,1017,30,10,59,6,boise
2019-03-05,31,19,0.0,10.1,7,0,06:32 AM,06:16 PM,07:04 AM,06:54 PM,15,25,25,25,9,33,61,0.3,1017,31,10,80,6,boise
2019-03-06,32,20,0.0,11.5,7,0,07:11 AM,07:05 PM,07:03 AM,06:55 PM,17,27,27,26,11,36,66,0.7,1018,32,10,10,8,boise
2019-03-07,28,20,0.0,10.1,6,3,07:47 AM,07:54 PM,07:02 AM,06:55 PM,18,24,24,23,14,50,74,0.6,1018,28,9,35,10,boise
2019-03-08,29,20,0.0,10.1,7,10,08:23 AM,08:43 PM,07:01 AM,06:55 PM,16,24,24,24,16,40,69,0.4,1017,29,8,35,11,boise
2019-03-09,31,20,0.0,11.5,7,17,08:59 AM,09:33 PM,07:01 AM,06:55 PM,16,27,27,26,10,14,63,0.0,1016,31,10,39,8,boise
2019-03-10,30,20,0.0,10.1,6,24,09:37 AM,10:23 PM,07:00 AM,06:56 PM,16,25,25,25,14,27,66,0.4,1018,30,10,22,10,boise
2019-03-11,30,19,0.0,11.6,7,32,10:16 AM,11:17 PM,06:59 AM,06:56 PM,14,24,24,24,14,8,59,0.0,1018,30,10,43,9,boise
2019-03-12,30,19,0.0,11.6,7,39,10:59 AM,No moonset,06:58 AM,06:56 PM,15,24,24,24,15,12,66,0.3,1017,30,10,30,12,boise
2019-03-13,29,19,0.0,11.6,7,46,11:46 AM,12:12 AM,06:57 AM,06:57 PM,15,24,24,24,16,29,66,0.1,1016,29,10,28,12,boise
2019-03-14,32,19,0.0,11.6,7,54,12:37 PM,01:09 AM,06:57 AM,06:57 PM,15,25,25,25,14,12,63,0.0,1017,32,10,38,11,boise
2019-03-15,31,19,0.0,11.6,7,61,01:34 PM,02:08 AM,06:56 AM,06:57 PM,16,24,24,24,13,34,69,1.0,1017,31,9,35,10,boise
2019-03-16,30,18,0.0,10.2,7,68,02:34 PM,03:07 AM,06:55 AM,06:57 PM,16,24,24,23,6,46,66,0.5,1017,30,11,160,3,boise
2019-03-17,30,18,0.0,11.6,7,75,03:38 PM,04:04 AM,06:54 AM,06:58 PM,15,24,24,23,11,25,64,0.1,1016,30,19,156,7,boise
2019-03-18,32,20,0.0,11.6,7,83,04:43 PM,04:59 AM,06:53 AM,06:58 PM,14,26,26,26,9,15,57,0.0,1016,32,20,191,6,boise
2019-03-19,33,19,0.0,11.6,7,90,05:47 PM,05:51 AM,06:52 AM,06:58 PM,15,26,26,25,11,24,60,0.4,1016,33,10,218,8,boise
2019-03-20,32,20,0.0,10.2,7,97,06:50 PM,06:39 AM,06:52 AM,06:58 PM,16,26,26,25,10,43,64,2.3,1015,32,10,246,6,boise
2019-03-21,29,20,0.0,6.0,6,100,07:51 PM,07:25 AM,06:51 AM,06:59 PM,17,26,26,25,9,77,67,3.9,1015,29,10,242,6,boise
2019-03-22,29,20,0.0,10.2,6,88,08:51 PM,08:10 AM,06:50 AM,06:59 PM,17,25,25,24,12,60,67,8.3,1016,29,9,180,8,boise
2019-03-23,31,20,0.0,10.2,7,81,09:50 PM,08:54 AM,06:49 AM,06:59 PM,16,26,26,25,13,46,64,6.8,1017,31,9,203,8,boise
2019-03-24,30,19,0.0,11.6,7,74,10:48 PM,09:39 AM,06:48 AM,06:59 PM,16,26,26,24,13,20,66,0.3,1018,30,10,33,9,boise
2019-03-25,32,21,0.0,10.3,6,66,11:45 PM,10:25 AM,06:47 AM,07:00 PM,17,26,26,25,7,42,64,2.4,1015,32,10,239,6,boise
2019-03-26,31,21,0.0,10.3,6,59,No moonrise,11:12 AM,06:46 AM,07:00 PM,17,27,27,25,9,48,66,8.4,1014,31,9,270,6,boise
2019-03-27,29,21,0.0,7.6,6,52,12:39 AM,12:01 PM,06:46 AM,07:00 PM,18,26,26,24,8,56,71,15.3,1014,29,9,247,5,boise
2019-03-28,29,20,0.0,6.3,6,45,01:32 AM,12:51 PM,06:45 AM,07:00 PM,17,25,25,24,10,53,70,14.5,1015,29,17,264,6,boise
2019-03-29,29,19,0.0,7.6,6,37,02:21 AM,01:41 PM,06:44 AM,07:00 PM,18,24,24,23,10,39,75,12.2,1015,29,17,355,6,boise
2019-03-30,28,19,0.0,10.3,6,30,03:08 AM,02:31 PM,06:43 AM,07:01 PM,18,23,23,23,12,40,75,11.0,1015,28,17,253,8,boise
2019-03-31,30,19,0.0,8.9,6,26,03:51 AM,03:22 PM,06:42 AM,07:01 PM,17,25,25,24,14,43,71,2.8,1016,30,10,21,8,boise
2019-04-01,29,19,0.0,10.3,7,9,04:32 AM,04:11 PM,06:41 AM,07:01 PM,18,25,25,24,16,45,72,2.8,1017,29,10,25,10,boise
2019-04-02,32,20,0.0,11.6,7,1,05:10 AM,05:01 PM,06:41 AM,07:01 PM,18,27,27,26,12,44,68,5.1,1018,32,10,23,8,boise
2019-04-03,32,22,0.0,10.3,6,0,05:47 AM,05:50 PM,06:40 AM,07:02 PM,19,27,27,25,16,46,72,4.7,1019,32,10,30,11,boise
2019-04-04,30,20,0.0,10.3,7,0,06:23 AM,06:39 PM,06:39 AM,07:02 PM,17,25,25,24,13,38,67,0.1,1018,30,9,37,8,boise
2019-04-05,31,20,0.0,10.3,7,0,07:00 AM,07:29 PM,06:38 AM,07:02 PM,16,26,26,25,12,34,65,0.3,1017,31,9,145,8,boise
2019-04-06,31,20,0.0,11.6,7,6,07:37 AM,08:20 PM,06:37 AM,07:02 PM,16,26,26,25,8,34,61,0.2,1018,31,10,62,6,boise
2019-04-07,31,21,0.0,9.0,6,14,08:16 AM,09:13 PM,06:36 AM,07:03 PM,17,26,26,24,9,39,65,0.6,1018,31,10,23,6,boise
2019-04-08,29,20,0.0,10.3,6,21,08:58 AM,10:08 PM,06:36 AM,07:03 PM,16,25,25,24,8,40,65,1.7,1017,29,10,50,5,boise
2019-04-09,29,20,0.0,11.6,7,29,09:43 AM,11:05 PM,06:35 AM,07:03 PM,16,24,24,24,12,41,64,0.9,1015,29,10,204,8,boise
2019-04-10,33,20,0.0,11.6,7,36,10:33 AM,No moonset,06:34 AM,07:03 PM,16,27,27,26,11,34,61,1.1,1014,33,10,108,9,boise
2019-04-11,34,21,0.0,10.3,7,44,11:27 AM,12:02 AM,06:33 AM,07:04 PM,16,28,28,26,11,41,60,1.7,1014,34,10,101,9,boise
2019-04-12,33,22,0.0,10.3,7,52,12:25 PM,01:00 AM,06:33 AM,07:04 PM,17,27,27,26,10,43,61,0.8,1015,33,10,118,8,boise
2019-04-13,31,21,0.0,7.7,6,59,01:26 PM,01:57 AM,06:32 AM,07:04 PM,18,26,26,25,10,67,65,1.7,1015,31,10,171,7,boise
2019-04-14,32,21,0.0,11.6,7,67,02:28 PM,02:51 AM,06:31 AM,07:04 PM,17,27,27,25,9,41,62,1.0,1015,32,10,71,6,boise
2019-04-15,32,21,0.0,10.3,7,74,03:31 PM,03:42 AM,06:30 AM,07:05 PM,18,27,27,26,9,50,64,0.9,1016,32,10,177,6,boise
2019-04-16,33,20,0.0,11.6,7,82,04:32 PM,04:29 AM,06:29 AM,07:05 PM,18,27,27,25,13,30,67,0.3,1016,33,10,176,8,boise
2019-04-17,31,20,0.0,11.6,7,89,05:33 PM,05:15 AM,06:29 AM,07:05 PM,17,26,26,25,10,24,67,0.5,1015,31,10,27,6,boise
2019-04-18,31,20,0.0,10.3,7,97,06:33 PM,05:59 AM,06:28 AM,07:06 PM,16,26,26,25,7,33,64,0.3,1015,31,10,51,5,boise
2019-04-19,30,19,0.0,11.6,7,100,07:33 PM,06:43 AM,06:27 AM,07:06 PM,16,25,25,24,8,44,62,0.2,1016,30,10,197,5,boise
2019-04-20,31,20,0.0,10.3,6,88,08:31 PM,07:28 AM,06:27 AM,07:06 PM,15,25,25,24,12,44,58,0.5,1017,31,9,99,8,boise
2019-04-21,31,20,0.0,10.3,6,81,09:30 PM,08:14 AM,06:26 AM,07:06 PM,17,25,25,24,9,46,67,1.9,1017,31,9,260,5,boise
2019-04-22,31,19,0.0,7.7,6,73,10:27 PM,09:01 AM,06:25 AM,07:07 PM,17,24,24,24,11,46,71,3.9,1015,31,10,13,6,boise
2019-04-23,30,20,0.0,7.7,6,65,11:22 PM,09:51 AM,06:25 AM,07:07 PM,18,25,25,24,9,60,71,7.8,1014,30,10,305,6,boise
2019-04-24,32,20,0.0,10.3,7,58,No moonrise,10:41 AM,06:24 AM,07:07 PM,18,27,27,25,9,39,68,0.4,1015,32,10,22,7,boise
2019-04-25,34,21,0.0,11.6,7,50,12:14 AM,11:33 AM,06:23 AM,07:08 PM,18,26,26,25,9,26,65,0.2,1016,34,10,35,7,boise
2019-04-26,34,21,0.0,11.6,7,43,01:03 AM,12:24 PM,06:23 AM,07:08 PM,17,27,27,26,10,33,64,0.3,1016,34,10,204,7,boise
2019-04-27,33,22,0.0,11.6,7,35,01:48 AM,01:15 PM,06:22 AM,07:08 PM,17,27,27,26,12,26,61,0.0,1015,33,10,44,7,boise
2019-04-28,32,22,0.0,9.0,6,28,02:29 AM,02:05 PM,06:21 AM,07:09 PM,19,27,27,26,10,45,67,2.1,1015,32,10,167,7,boise
2019-04-29,34,21,0.0,10.3,6,20,03:09 AM,02:54 PM,06:21 AM,07:09 PM,18,26,26,25,11,47,67,5.7,1016,34,9,201,7,boise
2019-04-30,35,21,0.0,10.3,6,13,03:46 AM,03:43 PM,06:20 AM,07:09 PM,17,27,27,26,12,34,64,3.0,1016,35,9,206,8,boise
2019-05-01,33,21,0.0,10.3,6,12,04:22 AM,04:32 PM,06:20 AM,07:09 PM,17,27,27,26,10,32,64,1.3,1017,33,10,186,6,boise
2019-05-02,34,22,0.0,10.3,8,5,04:58 AM,05:22 PM,06:19 AM,07:10 PM,18,28,28,27,7,29,64,0.9,1016,34,10,68,5,boise
2019-05-03,35,21,0.0,11.6,6,0,05:35 AM,06:13 PM,06:18 AM,07:10 PM,18,28,28,26,7,25,66,4.2,1016,35,10,182,5,boise
2019-05-04,34,21,0.0,11.6,8,0,06:13 AM,07:06 PM,06:18 AM,07:11 PM,18,30,30,27,7,24,63,0.1,1015,34,10,87,6,boise
2019-05-05,35,21,0.0,10.3,8,2,06:55 AM,08:01 PM,06:17 AM,07:11 PM,18,29,29,27,10,41,64,0.8,1015,35,10,93,8,boise
2019-05-06,34,21,0.0,11.6,7,9,07:40 AM,08:59 PM,06:17 AM,07:11 PM,17,28,28,26,10,38,63,1.2,1015,34,10,111,7,boise
2019-05-07,31,22,0.0,11.6,7,17,08:29 AM,09:57 PM,06:16 AM,07:12 PM,19,28,28,26,10,47,69,2.6,1015,31,10,198,7,boise
2019-05-08,31,21,0.0,9.0,6,24,09:23 AM,10:56 PM,06:16 AM,07:12 PM,18,27,27,25,9,47,69,0.3,1014,31,10,72,6,boise
2019-05-09,31,20,0.0,10.3,6,31,10:20 AM,11:54 PM,06:15 AM,07:12 PM,18,26,26,25,11,43,68,0.5,1014,31,10,60,7,boise
2019-05-10,31,20,0.0,10.3,6,39,11:21 AM,No moonset,06:15 AM,07:13 PM,18,26,26,25,10,54,71,1.4,1014,31,10,43,6,boise
2019-05-11,33,21,0.0,9.0,6,46,12:21 PM,12:48 AM,06:15 AM,07:13 PM,19,28,28,26,9,51,69,2.6,1015,33,10,176,6,boise
2019-05-12,34,23,0.0,10.3,6,53,01:23 PM,01:39 AM,06:14 AM,07:13 PM,18,28,28,27,11,33,63,3.4,1015,34,9,103,8,boise
2019-05-13,35,22,0.0,11.6,8,60,02:22 PM,02:26 AM,06:14 AM,07:14 PM,18,30,30,28,11,12,61,0.0,1016,35,10,132,8,boise
2019-05-14,36,23,0.0,11.6,8,68,03:22 PM,03:11 AM,06:13 AM,07:14 PM,17,31,31,29,11,10,56,0.0,1016,36,10,129,9,boise
2019-05-15,37,23,0.0,10.3,8,75,04:20 PM,03:54 AM,06:13 AM,07:15 PM,16,30,30,29,9,19,53,0.6,1015,37,10,89,6,boise
2019-05-16,37,22,0.0,9.1,7,82,05:19 PM,04:37 AM,06:13 AM,07:15 PM,18,28,28,27,11,44,63,7.1,1015,37,10,81,7,boise
2019-05-17,36,22,0.0,10.3,7,89,06:16 PM,05:20 AM,06:12 AM,07:15 PM,18,28,28,27,13,44,64,5.7,1015,36,10,217,8,boise
2019-05-18,34,20,0.0,10.3,6,97,07:15 PM,06:04 AM,06:12 AM,07:16 PM,19,28,28,26,10,65,68,3.9,1014,34,9,204,7,boise
2019-05-19,34,19,0.0,9.1,6,100,08:13 PM,06:51 AM,06:12 AM,07:16 PM,18,27,27,26,11,58,65,3.5,1015,34,10,205,7,boise
2019-05-20,36,22,0.0,10.3,6,89,09:10 PM,07:40 AM,06:11 AM,07:16 PM,18,27,27,26,12,37,65,4.9,1014,36,9,217,8,boise
2019-05-21,35,22,0.0,11.6,7,81,10:04 PM,08:30 AM,06:11 AM,07:17 PM,18,28,28,26,11,37,65,3.1,1014,35,10,76,7,boise
2019-05-22,31,22,0.0,9.1,6,74,10:55 PM,09:22 AM,06:11 AM,07:17 PM,19,28,28,26,10,59,68,1.5,1015,31,10,54,7,boise
2019-05-23,32,20,0.0,6.5,6,67,11:42 PM,10:14 AM,06:11 AM,07:18 PM,20,27,27,25,11,80,75,18.6,1014,32,8,15,7,boise
2019-05-24,34,22,0.0,10.3,6,60,No moonrise,11:06 AM,06:11 AM,07:18 PM,19,27,27,25,8,51,72,8.1,1014,34,9,183,5,boise
2019-05-25,32,21,0.0,9.1,6,52,12:25 AM,11:57 AM,06:10 AM,07:18 PM,19,27,27,25,7,53,70,8.9,1014,32,10,59,5,boise
2019-05-26,33,20,0.0,6.5,6,45,01:06 AM,12:46 PM,06:10 AM,07:19 PM,20,27,27,25,12,60,75,12.3,1015,33,9,137,8,boise
2019-05-27,32,20,0.0,6.5,6,38,01:44 AM,01:36 PM,06:10 AM,07:19 PM,21,27,27,25,10,66,79,21.9,1014,32,7,254,6,boise
2019-05-28,31,22,0.0,9.1,6,31,02:20 AM,02:24 PM,06:10 AM,07:20 PM,19,27,27,25,6,60,71,8.1,1014,31,10,217,4,boise
2019-05-29,27,20,0.0,7.8,6,23,02:56 AM,03:13 PM,06:10 AM,07:20 PM,20,25,25,24,4,63,78,8.9,1014,27,8,228,3,boise
2019-05-30,28,21,0.0,6.6,6,16,03:32 AM,04:03 PM,06:10 AM,07:20 PM,19,26,26,24,7,74,76,11.2,1015,28,8,142,4,boise
2019-05-31,32,21,0.0,10.3,6,12,04:09 AM,04:55 PM,06:10 AM,07:21 PM,19,27,27,25,7,50,72,19.7,1014,32,8,181,5,boise
2019-06-01,32,21,0.0,9.1,6,0,04:49 AM,05:50 PM,06:09 AM,07:21 PM,19,27,27,25,11,44,70,8.3,1014,32,9,65,7,boise
2019-06-02,33,22,0.0,11.6,8,0,05:33 AM,06:47 PM,06:09 AM,07:22 PM,19,29,29,27,10,36,69,4.9,1014,33,10,165,6,boise
2019-06-03,33,22,0.0,9.1,6,0,06:20 AM,07:47 PM,06:09 AM,07:22 PM,19,28,28,26,10,43,71,7.9,1015,33,9,195,6,boise
2019-06-04,34,22,0.0,9.1,6,6,07:14 AM,08:47 PM,06:09 AM,07:22 PM,20,28,28,26,12,45,71,7.2,1016,34,9,218,7,boise
2019-06-05,36,23,0.0,9.1,7,13,08:11 AM,09:47 PM,06:09 AM,07:23 PM,21,29,29,27,8,48,71,12.0,1015,36,9,199,6,boise
2019-06-06,35,22,0.0,9.1,6,21,09:13 AM,10:44 PM,06:09 AM,07:23 PM,19,28,28,26,9,62,69,15.9,1014,35,9,214,5,boise
2019-06-07,34,22,0.0,10.3,6,28,10:15 AM,11:37 PM,06:09 AM,07:23 PM,19,28,28,26,11,63,69,7.6,1014,34,9,228,7,boise
2019-06-08,34,22,0.0,10.3,8,36,11:17 AM,No moonset,06:09 AM,07:24 PM,17,29,29,28,10,57,60,2.7,1015,34,10,107,7,boise
2019-06-09,34,22,0.0,10.3,8,44,12:18 PM,12:25 AM,06:09 AM,07:24 PM,18,29,29,27,10,46,63,0.4,1016,34,17,108,7,boise
2019-06-10,35,22,0.0,10.3,7,51,01:17 PM,01:11 AM,06:09 AM,07:24 PM,19,30,30,28,8,40,64,3.5,1016,35,10,97,6,boise
2019-06-11,35,22,0.0,11.6,8,59,02:14 PM,01:54 AM,06:10 AM,07:25 PM,17,30,30,29,13,14,58,0.0,1016,35,15,132,10,boise
2019-06-12,32,22,0.0,11.6,7,66,03:11 PM,02:35 AM,06:10 AM,07:25 PM,18,28,28,26,11,25,64,1.2,1017,32,18,138,7,boise
2019-06-13,34,22,0.0,10.3,7,74,04:08 PM,03:17 AM,06:10 AM,07:25 PM,19,28,28,26,8,37,69,1.3,1017,34,19,152,5,boise
2019-06-14,31,21,0.0,9.1,6,81,05:05 PM,04:00 AM,06:10 AM,07:26 PM,21,28,28,26,8,52,76,8.7,1016,31,18,49,5,boise
2019-06-15,32,22,0.0,9.1,6,89,06:02 PM,04:44 AM,06:10 AM,07:26 PM,20,28,28,25,6,46,75,2.1,1016,32,18,223,4,boise
2019-06-16,33,22,0.0,10.3,6,96,06:59 PM,05:32 AM,06:10 AM,07:26 PM,21,28,28,26,9,27,76,1.6,1016,33,17,108,5,boise
2019-06-17,33,22,0.0,11.6,6,100,07:54 PM,06:21 AM,06:10 AM,07:26 PM,21,29,29,26,8,33,77,0.8,1017,33,18,74,5,boise
2019-06-18,32,22,0.0,11.6,6,89,08:46 PM,07:12 AM,06:10 AM,07:27 PM,21,29,29,26,8,17,75,0.2,1017,32,16,90,5,boise
2019-06-19,32,23,0.0,11.6,6,81,09:36 PM,08:04 AM,06:11 AM,07:27 PM,20,29,29,27,10,32,72,0.2,1016,32,8,138,6,boise
2019-06-20,33,23,0.0,10.3,6,73,10:20 PM,08:57 AM,06:11 AM,07:27 PM,20,29,29,27,12,19,69,0.5,1017,33,10,126,8,boise
2019-06-21,33,23,0.0,11.6,8,66,11:03 PM,09:49 AM,06:11 AM,07:27 PM,19,29,29,28,11,6,62,0.0,1018,33,10,120,8,boise
2019-06-22,36,22,0.0,11.6,8,58,11:42 PM,10:39 AM,06:11 AM,07:28 PM,20,30,30,28,8,24,67,0.9,1019,36,10,160,5,boise
2019-06-23,32,22,0.0,10.3,6,51,No moonrise,11:28 AM,06:11 AM,07:28 PM,20,29,29,26,10,47,75,3.6,1017,32,9,38,6,boise
2019-06-24,32,22,0.0,9.1,6,43,12:18 AM,12:16 PM,06:12 AM,07:28 PM,21,29,29,26,7,50,76,5.0,1016,32,9,160,5,boise
2019-06-25,32,23,0.0,9.1,6,36,12:54 AM,01:05 PM,06:12 AM,07:28 PM,20,29,29,27,8,45,74,3.7,1016,32,10,140,5,boise
2019-06-26,30,21,0.0,9.1,6,28,01:29 AM,01:54 PM,06:12 AM,07:28 PM,20,27,27,25,8,58,78,15.1,1016,30,8,47,5,boise
2019-06-27,31,17,0.0,10.3,6,21,02:05 AM,02:44 PM,06:12 AM,07:28 PM,21,26,26,24,7,52,81,33.8,1016,31,8,163,4,boise
2019-06-28,31,21,0.0,9.1,6,13,02:43 AM,03:37 PM,06:13 AM,07:29 PM,20,27,27,25,9,55,74,4.5,1016,31,10,112,6,boise
2019-06-29,30,23,0.0,9.1,6,6,03:25 AM,04:32 PM,06:13 AM,07:29 PM,21,28,28,26,8,47,75,6.3,1017,30,10,66,5,boise
2019-06-30,32,23,0.0,10.3,7,0,04:10 AM,05:31 PM,06:13 AM,07:29 PM,21,30,30,27,7,34,74,3.4,1017,32,10,148,5,boise
2019-07-01,35,23,0.0,11.6,8,0,05:01 AM,06:31 PM,06:14 AM,07:29 PM,22,32,32,29,7,14,73,0.6,1017,35,10,244,5,boise
2019-07-02,34,23,0.0,10.3,6,0,05:57 AM,07:33 PM,06:14 AM,07:29 PM,22,29,29,26,7,44,77,6.6,1016,34,7,294,4,boise
2019-07-03,32,20,0.0,7.8,6,2,06:58 AM,08:33 PM,06:14 AM,07:29 PM,21,28,28,25,5,54,77,13.0,1015,32,9,171,3,boise
2019-07-04,32,22,0.0,10.3,6,9,08:02 AM,09:30 PM,06:15 AM,07:29 PM,20,28,28,26,8,37,73,4.0,1015,32,10,141,5,boise
2019-07-05,31,22,0.0,11.6,7,16,09:07 AM,10:21 PM,06:15 AM,07:29 PM,20,28,28,26,9,25,72,0.3,1017,31,10,134,6,boise
2019-07-06,30,22,0.0,10.3,6,24,10:10 AM,11:09 PM,06:15 AM,07:29 PM,20,27,27,25,7,44,77,24.8,1017,30,8,175,4,boise
2019-07-07,32,21,0.0,10.3,6,31,11:11 AM,11:54 PM,06:16 AM,07:29 PM,20,28,28,26,8,36,75,4.8,1016,32,9,156,5,boise
2019-07-08,32,22,0.0,9.1,6,38,12:09 PM,No moonset,06:16 AM,07:29 PM,21,28,28,26,6,59,78,5.9,1016,32,9,132,4,boise
2019-07-09,33,22,0.0,9.1,6,45,01:07 PM,12:36 AM,06:16 AM,07:29 PM,20,28,28,26,8,40,73,3.8,1017,33,10,109,5,boise
2019-07-10,32,22,0.0,11.6,7,53,02:03 PM,01:18 AM,06:17 AM,07:29 PM,20,28,28,26,10,56,72,3.2,1017,32,10,132,7,boise
2019-07-11,31,21,0.0,11.6,7,60,02:59 PM,01:59 AM,06:17 AM,07:29 PM,20,28,28,26,13,18,74,1.4,1016,31,10,37,8,boise
2019-07-12,30,21,0.0,11.6,7,67,03:56 PM,02:42 AM,06:17 AM,07:29 PM,19,27,27,25,10,27,73,0.1,1015,30,10,258,6,boise
2019-07-13,31,22,0.0,9.1,6,74,04:51 PM,03:28 AM,06:18 AM,07:29 PM,20,28,28,26,11,50,73,1.7,1015,31,10,20,7,boise
2019-07-14,33,22,0.0,9.1,6,82,05:47 PM,04:15 AM,06:18 AM,07:28 PM,21,29,29,26,7,57,76,7.2,1016,33,10,275,5,boise
2019-07-15,33,22,0.0,9.1,6,89,06:39 PM,05:06 AM,06:18 AM,07:28 PM,21,29,29,26,8,54,76,7.2,1016,33,9,157,5,boise
2019-07-16,32,22,0.0,9.1,6,96,07:30 PM,05:57 AM,06:19 AM,07:28 PM,21,29,29,26,6,46,74,3.1,1017,32,10,251,4,boise
2019-07-17,31,21,0.0,10.3,6,100,08:16 PM,06:49 AM,06:19 AM,07:28 PM,20,27,27,25,14,47,76,1.6,1017,31,9,129,9,boise
2019-07-18,32,22,0.0,9.1,6,89,08:59 PM,07:42 AM,06:19 AM,07:28 PM,20,29,29,27,5,48,72,3.4,1016,32,10,69,4,boise
2019-07-19,33,23,0.0,9.1,6,82,09:40 PM,08:32 AM,06:20 AM,07:27 PM,20,28,28,26,6,35,69,4.4,1016,33,9,84,4,boise
2019-07-20,31,22,0.0,10.3,6,75,10:17 PM,09:22 AM,06:20 AM,07:27 PM,20,28,28,26,12,38,74,5.9,1015,31,9,169,7,boise
2019-07-21,32,22,0.0,9.1,6,67,10:52 PM,10:10 AM,06:20 AM,07:27 PM,20,28,28,26,8,50,76,5.3,1015,32,9,254,5,boise
2019-07-22,30,21,0.0,9.1,6,60,11:28 PM,10:58 AM,06:21 AM,07:27 PM,20,27,27,25,8,54,73,5.6,1015,30,9,283,5,boise
2019-07-23,30,22,0.0,10.3,6,53,No moonrise,11:47 AM,06:21 AM,07:26 PM,19,27,27,25,10,39,73,6.3,1016,30,10,126,6,boise
2019-07-24,31,22,0.0,9.1,6,46,12:03 AM,12:35 PM,06:22 AM,07:26 PM,20,28,28,26,9,47,74,9.1,1017,31,10,277,5,boise
2019-07-25,32,21,0.0,11.6,7,38,12:39 AM,01:26 PM,06:22 AM,07:26 PM,20,28,28,26,10,25,74,1.1,1016,32,10,173,6,boise
2019-07-26,32,21,0.0,11.6,6,31,01:18 AM,02:19 PM,06:22 AM,07:25 PM,20,28,28,26,8,26,74,1.9,1017,32,10,118,5,boise
2019-07-27,35,23,0.0,11.6,7,24,02:00 AM,03:15 PM,06:23 AM,07:25 PM,23,32,32,28,7,27,77,2.6,1018,35,9,260,5,boise
2019-07-28,33,20,0.0,10.3,6,16,02:47 AM,04:14 PM,06:23 AM,07:25 PM,21,28,28,25,15,58,81,19.0,1016,33,7,12,9,boise
2019-07-29,31,21,0.0,9.1,6,9,03:41 AM,05:15 PM,06:23 AM,07:24 PM,20,27,27,25,12,50,79,8.5,1014,31,8,337,7,boise
2019-07-30,31,20,0.0,9.1,6,2,04:39 AM,06:15 PM,06:24 AM,07:24 PM,22,28,28,25,8,57,81,16.3,1013,31,8,261,5,boise
2019-07-31,30,20,0.0,7.8,6,0,05:43 AM,07:15 PM,06:24 AM,07:23 PM,21,27,27,25,8,52,81,31.8,1013,30,8,148,5,boise
2019-08-01,29,20,0.0,6.5,6,0,06:48 AM,08:10 PM,06:24 AM,07:23 PM,21,26,26,24,10,75,82,38.6,1014,29,6,200,6,boise
2019-08-02,30,21,0.0,11.6,7,5,07:54 AM,09:01 PM,06:25 AM,07:22 PM,20,28,28,26,8,35,76,10.5,1014,30,10,277,5,boise
2019-08-03,30,22,0.0,9.0,6,12,08:58 AM,09:48 PM,06:25 AM,07:22 PM,21,28,28,26,7,47,76,8.0,1015,30,9,133,5,boise
2019-08-04,30,23,0.0,10.3,6,20,09:59 AM,10:33 PM,06:25 AM,07:21 PM,20,28,28,26,8,46,74,2.9,1016,30,10,145,5,boise
2019-08-05,32,23,0.0,11.6,6,27,10:59 AM,11:16 PM,06:26 AM,07:21 PM,21,29,29,26,8,42,75,0.4,1015,32,10,264,5,boise
2019-08-06,30,22,0.0,11.6,7,34,11:57 AM,11:58 PM,06:26 AM,07:20 PM,21,28,28,26,9,31,77,0.4,1015,30,10,250,5,boise
2019-08-07,33,22,0.0,9.0,6,42,12:55 PM,No moonset,06:26 AM,07:20 PM,20,28,28,26,10,38,73,3.1,1016,33,10,129,6,boise
2019-08-08,30,22,0.0,9.0,6,49,01:51 PM,12:41 AM,06:26 AM,07:19 PM,21,28,28,26,9,67,77,9.9,1016,30,9,154,5,boise
2019-08-09,30,21,0.0,9.0,6,56,02:47 PM,01:27 AM,06:27 AM,07:19 PM,21,29,29,26,6,46,76,2.1,1015,30,10,256,4,boise
2019-08-10,32,23,0.0,10.3,6,63,03:42 PM,02:13 AM,06:27 AM,07:18 PM,20,29,29,27,10,35,72,4.3,1015,32,9,138,6,boise
2019-08-11,34,23,0.0,11.6,7,71,04:35 PM,03:02 AM,06:27 AM,07:18 PM,21,31,31,28,7,38,72,1.6,1016,34,10,143,5,boise
2019-08-12,30,22,0.0,10.3,6,78,05:26 PM,03:53 AM,06:28 AM,07:17 PM,20,27,27,25,8,46,76,3.3,1014,30,10,149,5,boise
2019-08-13,31,22,0.0,9.0,6,85,06:13 PM,04:44 AM,06:28 AM,07:16 PM,20,28,28,26,9,46,73,4.1,1014,31,9,135,6,boise
2019-08-14,31,22,0.0,9.0,6,92,06:57 PM,05:36 AM,06:28 AM,07:16 PM,21,28,28,26,8,45,77,11.7,1016,31,9,275,5,boise
2019-08-15,33,22,0.0,10.3,6,100,07:38 PM,06:27 AM,06:28 AM,07:15 PM,20,28,28,26,7,36,73,6.0,1017,33,10,173,4,boise
2019-08-16,31,21,0.0,9.0,6,100,08:16 PM,07:18 AM,06:29 AM,07:14 PM,20,27,27,25,9,44,74,6.3,1017,31,10,268,5,boise
2019-08-17,29,17,0.0,7.7,6,86,08:52 PM,08:06 AM,06:29 AM,07:14 PM,20,25,25,23,20,56,80,16.6,1017,29,8,137,11,boise
2019-08-18,29,22,0.0,10.3,6,78,09:28 PM,08:54 AM,06:29 AM,07:13 PM,21,27,27,25,9,44,79,9.0,1015,29,8,142,5,boise
2019-08-19,30,19,0.0,9.0,6,71,10:02 PM,09:42 AM,06:29 AM,07:12 PM,21,27,27,25,7,37,77,18.2,1015,30,9,151,4,boise
2019-08-20,33,23,0.0,10.3,6,64,10:37 PM,10:30 AM,06:30 AM,07:11 PM,21,29,29,27,7,35,75,10.3,1016,33,9,148,4,boise
2019-08-21,30,22,0.0,9.0,6,57,11:15 PM,11:19 AM,06:30 AM,07:11 PM,20,27,27,25,9,45,75,20.5,1016,30,9,316,5,boise
2019-08-22,31,21,0.0,9.0,6,49,11:55 PM,12:10 PM,06:30 AM,07:10 PM,21,27,27,25,10,50,79,15.4,1015,31,8,261,6,boise
2019-08-23,30,21,0.0,10.3,6,42,No moonrise,01:04 PM,06:30 AM,07:09 PM,21,27,27,25,7,48,80,20.6,1015,30,9,131,5,boise
2019-08-24,31,22,0.0,10.3,6,35,12:38 AM,01:59 PM,06:31 AM,07:08 PM,20,28,28,25,9,37,75,2.6,1015,31,10,120,5,boise
2019-08-25,31,21,0.0,10.3,6,28,01:28 AM,02:58 PM,06:31 AM,07:08 PM,20,27,27,25,8,25,75,4.3,1015,31,10,120,5,boise
2019-08-26,32,22,0.0,10.3,6,20,02:22 AM,03:58 PM,06:31 AM,07:07 PM,21,29,29,26,7,31,74,1.8,1015,32,10,144,4,boise
2019-08-27,32,21,0.0,11.6,7,13,03:22 AM,04:57 PM,06:31 AM,07:06 PM,20,29,29,27,7,32,75,1.4,1014,32,10,273,4,boise
2019-08-28,31,21,0.0,9.0,6,6,04:25 AM,05:54 PM,06:31 AM,07:05 PM,20,28,28,25,10,48,77,1.1,1013,31,10,183,6,boise
2019-08-29,30,22,0.0,9.0,6,0,05:32 AM,06:47 PM,06:32 AM,07:05 PM,20,29,29,26,7,47,75,4.5,1012,30,9,239,4,boise
2019-08-30,30,22,0.0,10.3,6,0,06:37 AM,07:37 PM,06:32 AM,07:04 PM,20,28,28,26,7,41,74,5.1,1013,30,9,160,4,boise
2019-08-31,30,21,0.0,9.0,6,0,07:42 AM,08:23 PM,06:32 AM,07:03 PM,20,28,28,26,8,45,76,6.4,1013,30,9,156,5,boise
2019-09-01,31,22,0.0,10.3,6,9,08:44 AM,09:09 PM,06:32 AM,07:02 PM,21,29,29,27,7,40,76,4.1,1013,31,10,259,5,boise
2019-09-02,30,22,0.0,9.0,6,16,09:45 AM,09:53 PM,06:32 AM,07:01 PM,21,28,28,26,8,50,77,3.5,1012,30,10,252,5,boise
2019-09-03,30,22,0.0,10.3,6,24,10:44 AM,10:37 PM,06:33 AM,07:00 PM,20,28,28,25,8,38,75,4.0,1013,30,10,124,5,boise
2019-09-04,31,22,0.0,8.9,6,32,11:44 AM,11:23 PM,06:33 AM,06:59 PM,21,29,29,26,8,37,75,0.9,1015,31,10,170,5,boise
2019-09-05,30,23,0.0,7.5,6,39,12:41 PM,No moonset,06:33 AM,06:59 PM,22,29,29,26,8,50,80,0.4,1015,30,9,229,5,boise
2019-09-06,30,21,0.0,8.9,6,47,01:38 PM,12:10 AM,06:33 AM,06:58 PM,21,27,27,25,12,63,82,2.4,1014,30,8,130,7,boise
2019-09-07,29,20,0.0,6.1,6,54,02:32 PM,12:59 AM,06:33 AM,06:57 PM,21,26,26,24,9,76,84,24.5,1013,29,8,205,5,boise
2019-09-08,29,19,0.0,8.9,6,62,03:24 PM,01:49 AM,06:34 AM,06:56 PM,21,26,26,24,7,58,84,43.5,1015,29,7,162,4,boise
2019-09-09,29,20,0.0,8.9,6,69,04:11 PM,02:41 AM,06:34 AM,06:55 PM,21,26,26,24,8,58,84,40.7,1015,29,7,124,4,boise
2019-09-10,29,20,0.0,7.5,6,77,04:56 PM,03:33 AM,06:34 AM,06:54 PM,20,27,27,25,7,60,81,16.4,1014,29,8,259,4,boise
2019-09-11,29,21,0.0,10.2,7,84,05:38 PM,04:23 AM,06:34 AM,06:53 PM,20,28,28,25,7,36,77,1.7,1012,29,10,247,5,boise
2019-09-12,31,20,0.0,10.2,7,92,06:16 PM,05:14 AM,06:34 AM,06:52 PM,20,28,28,26,8,34,77,0.3,1012,31,10,243,5,boise
2019-09-13,31,22,0.0,8.8,6,99,06:53 PM,06:03 AM,06:34 AM,06:52 PM,21,29,29,26,8,49,78,1.4,1013,31,10,140,5,boise
2019-09-14,31,22,0.0,8.8,6,100,07:29 PM,06:51 AM,06:35 AM,06:51 PM,21,29,29,26,8,45,78,2.1,1014,31,9,110,5,boise
2019-09-15,0,0,0.0,10.2,2,85,08:03 PM,07:39 AM,06:35 AM,06:50 PM,21,22,24,22,11,76,95,0.2,1015,0,9,0,5,boise
2019-09-16,27,0,0.0,7.5,2,78,08:38 PM,08:27 AM,06:35 AM,06:49 PM,22,25,28,25,8,68,83,8.5,1013,27,8,187,5,boise
2019-09-17,30,22,0.0,7.4,6,70,09:15 PM,09:16 AM,06:35 AM,06:48 PM,22,29,29,26,7,58,81,21.0,1012,30,8,255,4,boise
2019-09-18,30,22,0.0,8.8,6,63,09:53 PM,10:06 AM,06:35 AM,06:47 PM,21,28,28,25,6,51,79,27.5,1010,30,8,260,4,boise
2019-09-19,29,21,0.0,8.8,6,55,10:35 PM,10:58 AM,06:35 AM,06:46 PM,21,27,27,24,6,60,81,15.4,1009,29,8,81,4,boise
2019-09-20,28,20,0.0,7.4,6,48,11:21 PM,11:52 AM,06:36 AM,06:45 PM,21,26,26,24,9,70,85,22.3,1011,28,9,148,6,boise
2019-09-21,30,21,0.0,10.2,6,40,No moonrise,12:48 PM,06:36 AM,06:44 PM,22,28,28,25,9,65,84,36.3,1013,30,8,239,5,boise
2019-09-22,31,21,0.0,6.0,6,33,12:11 AM,01:45 PM,06:36 AM,06:44 PM,22,29,29,25,7,72,84,19.9,1013,31,8,221,4,boise
2019-09-23,29,21,0.0,6.0,6,25,01:07 AM,02:43 PM,06:36 AM,06:43 PM,21,27,27,24,6,77,85,48.9,1012,29,6,275,3,boise
2019-09-24,28,21,0.0,8.8,6,18,02:07 AM,03:39 PM,06:36 AM,06:42 PM,21,26,26,24,6,60,84,14.9,1010,28,8,260,4,boise
2019-09-25,27,18,0.0,6.0,6,10,03:11 AM,04:32 PM,06:37 AM,06:41 PM,21,25,25,23,10,61,88,37.0,1011,27,7,201,6,boise
2019-09-26,28,21,0.0,6.0,6,2,04:15 AM,05:23 PM,06:37 AM,06:40 PM,21,26,26,24,7,62,83,26.0,1011,28,7,214,5,boise
2019-09-27,31,20,0.0,10.2,6,0,05:20 AM,06:11 PM,06:37 AM,06:39 PM,21,28,28,26,8,43,80,1.2,1013,31,10,241,5,boise
2019-09-28,30,21,0.0,10.2,6,0,06:23 AM,06:57 PM,06:37 AM,06:38 PM,21,27,27,25,10,35,83,2.0,1014,30,10,343,5,boise
2019-09-29,29,20,0.0,8.8,6,0,07:25 AM,07:42 PM,06:37 AM,06:37 PM,21,26,26,24,8,57,86,36.5,1012,29,7,161,4,boise
2019-09-30,25,21,0.0,7.4,5,5,08:27 AM,08:27 PM,06:37 AM,06:37 PM,21,25,25,23,4,60,87,15.0,1010,25,8,85,2,boise
2019-10-01,29,20,0.0,10.2,6,12,09:28 AM,09:14 PM,06:38 AM,06:36 PM,20,27,27,25,5,44,79,1.2,1010,29,10,193,3,boise
2019-10-02,27,21,0.0,8.8,6,19,10:28 AM,10:02 PM,06:38 AM,06:35 PM,21,26,26,23,6,53,84,7.6,1011,27,9,131,4,boise
2019-10-03,29,21,0.0,7.4,6,27,11:28 AM,10:51 PM,06:38 AM,06:34 PM,21,26,26,24,7,66,83,24.1,1013,29,8,233,4,boise
2019-10-04,28,22,0.0,11.6,6,34,12:24 PM,11:43 PM,06:38 AM,06:33 PM,20,27,27,25,7,44,78,4.3,1014,28,10,208,4,boise
2019-10-05,29,22,0.0,8.8,6,41,01:19 PM,No moonset,06:39 AM,06:32 PM,21,27,27,24,5,49,81,19.4,1013,29,9,221,3,boise
2019-10-06,30,21,0.0,11.6,7,48,02:08 PM,12:35 AM,06:39 AM,06:31 PM,20,27,27,25,6,22,76,1.5,1013,30,10,197,4,boise
2019-10-07,29,22,0.0,10.2,6,56,02:55 PM,01:28 AM,06:39 AM,06:31 PM,21,27,27,25,7,27,78,0.7,1013,29,10,109,4,boise
2019-10-08,29,22,0.0,8.8,6,63,03:38 PM,02:19 AM,06:39 AM,06:30 PM,21,28,28,25,6,38,80,0.9,1013,29,10,75,4,boise
2019-10-09,28,21,0.0,8.8,6,70,04:17 PM,03:10 AM,06:40 AM,06:29 PM,21,27,27,25,4,49,82,3.3,1012,28,10,145,3,boise
2019-10-10,30,20,0.0,10.2,6,77,04:54 PM,03:59 AM,06:40 AM,06:28 PM,20,27,27,25,6,42,80,2.4,1012,30,10,249,3,boise
2019-10-11,30,20,0.0,8.8,6,85,05:30 PM,04:48 AM,06:40 AM,06:27 PM,20,26,26,24,7,41,81,1.5,1012,30,9,29,5,boise
2019-10-12,29,20,0.0,8.8,6,92,06:04 PM,05:36 AM,06:40 AM,06:27 PM,21,27,27,24,9,51,84,19.7,1012,29,8,33,5,boise
2019-10-13,29,19,0.0,8.8,6,99,06:39 PM,06:24 AM,06:41 AM,06:26 PM,21,27,27,24,5,47,83,13.1,1013,29,9,86,3,boise
2019-10-14,29,21,0.0,8.8,6,100,07:15 PM,07:13 AM,06:41 AM,06:25 PM,21,26,26,24,7,43,82,3.4,1014,29,10,164,4,boise
2019-10-15,29,20,0.0,11.6,6,86,07:53 PM,08:03 AM,06:41 AM,06:24 PM,21,26,26,24,8,32,83,0.1,1014,29,9,41,4,boise
2019-10-16,28,20,0.0,8.8,6,79,08:34 PM,08:54 AM,06:41 AM,06:24 PM,21,26,26,24,7,50,83,2.2,1014,28,8,227,4,boise
2019-10-17,29,21,0.0,10.2,6,72,09:19 PM,09:48 AM,06:42 AM,06:23 PM,21,27,27,25,6,50,83,0.9,1014,29,8,230,4,boise
2019-10-18,28,21,0.0,11.6,6,64,10:07 PM,10:43 AM,06:42 AM,06:22 PM,21,27,27,25,7,41,82,0.5,1014,28,9,152,5,boise
2019-10-19,29,20,0.0,11.6,7,57,11:00 PM,11:40 AM,06:42 AM,06:22 PM,20,26,26,24,7,13,80,0.0,1014,29,9,18,4,boise
2019-10-20,28,19,0.0,8.7,6,50,11:58 PM,12:36 PM,06:43 AM,06:21 PM,20,26,26,24,4,37,81,5.9,1014,28,9,235,3,boise
2019-10-21,30,23,0.0,10.2,6,43,No moonrise,01:31 PM,06:43 AM,06:20 PM,22,28,28,25,7,38,83,3.0,1014,30,9,147,4,boise
2019-10-22,0,21,0.0,10.2,2,35,12:58 AM,02:23 PM,06:43 AM,06:20 PM,19,21,21,21,13,82,93,0.4,1014,0,9,0,6,boise
2019-10-23,28,20,0.0,10.2,6,28,02:00 AM,03:14 PM,06:44 AM,06:19 PM,20,25,25,23,11,38,83,6.3,1013,28,8,23,7,boise
2019-10-24,28,19,0.0,10.2,5,21,03:02 AM,04:01 PM,06:44 AM,06:18 PM,20,25,25,23,9,40,83,15.2,1013,28,9,127,5,boise
2019-10-25,28,20,0.0,8.7,6,13,04:04 AM,04:46 PM,06:44 AM,06:18 PM,20,25,25,24,4,47,82,13.6,1014,28,9,109,2,boise
2019-10-26,28,20,0.0,8.7,6,6,05:05 AM,05:31 PM,06:45 AM,06:17 PM,20,25,25,23,7,38,84,12.0,1014,28,9,162,4,boise
2019-10-27,27,20,0.0,10.2,6,0,06:06 AM,06:15 PM,06:45 AM,06:17 PM,21,26,26,24,7,45,85,0.5,1014,27,8,142,4,boise
2019-10-28,30,21,0.0,10.2,6,0,07:08 AM,07:01 PM,06:46 AM,06:16 PM,22,28,28,25,6,43,84,1.2,1014,30,8,25,4,boise
2019-10-29,29,22,0.0,8.7,6,1,08:10 AM,07:49 PM,06:46 AM,06:16 PM,22,27,27,24,9,54,87,1.4,1013,29,9,123,6,boise
2019-10-30,28,21,0.0,10.2,6,8,09:11 AM,08:39 PM,06:46 AM,06:15 PM,20,25,25,23,12,31,83,0.3,1013,28,8,30,8,boise
2019-10-31,29,20,0.0,11.6,7,12,10:11 AM,09:32 PM,06:47 AM,06:15 PM,21,25,25,24,8,27,83,0.1,1014,29,7,34,6,boise
2019-11-01,29,21,0.0,11.6,6,24,11:08 AM,10:25 PM,06:47 AM,06:14 PM,21,26,26,24,8,42,84,0.2,1014,29,8,144,6,boise
2019-11-02,29,20,0.0,11.6,7,31,12:01 PM,11:19 PM,06:48 AM,06:14 PM,20,25,25,24,9,35,83,0.1,1013,29,8,45,6,boise
2019-11-03,28,20,0.0,11.6,7,39,12:50 PM,No moonset,06:48 AM,06:13 PM,20,24,24,23,11,23,83,0.0,1013,28,8,145,8,boise
2019-11-04,27,19,0.0,11.6,7,46,01:35 PM,12:11 AM,06:49 AM,06:13 PM,19,23,23,22,13,9,81,0.0,1013,27,10,140,8,boise
2019-11-05,29,18,0.0,8.7,6,54,02:15 PM,01:03 AM,06:49 AM,06:12 PM,20,25,25,23,8,44,83,1.1,1014,29,8,28,5,boise
2019-11-06,29,21,0.0,8.7,6,61,02:53 PM,01:53 AM,06:50 AM,06:12 PM,21,27,27,24,6,38,82,3.0,1015,29,9,159,4,boise
2019-11-07,28,20,0.0,11.6,7,69,03:30 PM,02:42 AM,06:50 AM,06:12 PM,20,25,25,23,7,32,84,0.1,1014,28,7,286,4,boise
2019-11-08,28,20,0.0,8.7,6,76,04:04 PM,03:31 AM,06:51 AM,06:11 PM,20,26,26,24,6,51,82,3.8,1012,28,8,239,3,boise
2019-11-09,28,20,0.0,8.7,6,84,04:39 PM,04:18 AM,06:51 AM,06:11 PM,21,26,26,24,6,48,82,2.0,1012,28,10,232,4,boise
2019-11-10,28,21,0.0,8.7,6,91,05:15 PM,05:07 AM,06:52 AM,06:11 PM,20,25,25,24,7,47,83,8.8,1013,28,10,197,4,boise
2019-11-11,28,20,0.0,7.2,6,99,05:52 PM,05:57 AM,06:52 AM,06:10 PM,21,26,26,24,8,56,84,8.9,1013,28,9,53,5,boise
2019-11-12,27,19,0.0,7.2,6,100,06:32 PM,06:49 AM,06:53 AM,06:10 PM,20,25,25,23,5,52,83,11.7,1012,27,9,226,3,boise
2019-11-13,28,20,0.0,7.2,6,86,07:16 PM,07:43 AM,06:53 AM,06:10 PM,20,25,25,23,7,57,84,15.5,1013,28,9,56,4,boise
2019-11-14,29,21,0.0,10.1,6,78,08:04 PM,08:38 AM,06:54 AM,06:09 PM,21,26,26,24,6,39,85,1.1,1014,29,9,31,4,boise
2019-11-15,28,21,0.0,8.7,6,71,08:56 PM,09:36 AM,06:54 AM,06:09 PM,21,26,26,24,6,53,85,1.6,1014,28,8,109,4,boise
2019-11-16,27,19,0.0,7.2,6,63,09:53 PM,10:32 AM,06:55 AM,06:09 PM,20,24,24,23,6,58,85,2.7,1011,27,9,268,4,boise
2019-11-17,28,20,0.0,8.7,6,56,10:52 PM,11:28 AM,06:55 AM,06:09 PM,21,26,26,24,5,54,85,0.5,1010,28,9,272,3,boise
2019-11-18,27,20,0.0,7.2,5,48,11:53 PM,12:21 PM,06:56 AM,06:09 PM,20,24,24,23,6,62,86,11.9,1011,27,8,269,3,boise
2019-11-19,27,20,0.0,5.8,6,41,No moonrise,01:10 PM,06:57 AM,06:09 PM,20,25,25,23,7,58,84,4.9,1013,27,10,220,4,boise
2019-11-20,26,20,0.0,7.2,5,33,12:53 AM,01:57 PM,06:57 AM,06:08 PM,20,23,23,22,10,49,87,15.7,1014,26,9,344,6,boise
2019-11-21,26,20,0.0,5.8,5,26,01:53 AM,02:41 PM,06:58 AM,06:08 PM,21,24,24,22,11,74,90,4.4,1014,26,9,121,8,boise
2019-11-22,23,17,0.0,5.8,5,18,02:52 AM,03:24 PM,06:58 AM,06:08 PM,18,21,21,20,14,63,88,0.9,1014,23,7,25,8,boise
2019-11-23,26,16,0.0,11.5,6,10,03:51 AM,04:06 PM,06:59 AM,06:08 PM,18,21,21,21,10,10,84,0.0,1014,26,7,37,6,boise
2019-11-24,29,17,0.0,11.5,7,3,04:51 AM,04:50 PM,06:59 AM,06:08 PM,19,25,25,23,4,8,79,0.0,1014,29,9,133,2,boise
2019-11-25,28,17,0.0,11.1,7,0,05:52 AM,05:37 PM,07:00 AM,06:08 PM,18,24,24,23,6,1,77,0.0,1013,28,10,209,4,boise
2019-11-26,29,19,0.0,11.1,7,0,06:52 AM,06:25 PM,07:01 AM,06:08 PM,20,25,25,23,6,14,82,0.0,1014,29,8,39,4,boise
2019-11-27,26,22,0.0,11.1,7,0,07:54 AM,07:17 PM,07:01 AM,06:08 PM,22,26,26,23,17,48,90,0.1,1016,26,5,6,12,boise
2019-11-28,26,16,0.0,11.1,5,4,08:53 AM,08:11 PM,07:02 AM,06:08 PM,20,23,23,22,11,43,86,0.2,1015,26,6,19,8,boise
2019-11-29,24,17,0.0,11.1,5,12,09:49 AM,09:06 PM,07:03 AM,06:08 PM,19,22,22,21,10,34,86,0.6,1014,24,8,6,8,boise
2019-11-30,24,14,0.0,10.1,5,20,10:41 AM,10:00 PM,07:03 AM,06:09 PM,17,20,20,19,10,39,86,0.7,1013,24,10,13,6,boise
2019-12-01,27,16,0.0,11.1,6,26,11:29 AM,10:54 PM,07:04 AM,06:09 PM,19,22,22,21,8,22,84,0.0,1014,27,10,33,6,boise
2019-12-02,29,20,0.0,11.1,7,33,12:12 PM,11:45 PM,07:04 AM,06:09 PM,19,26,26,24,4,14,80,0.0,1015,29,9,178,3,boise
2019-12-03,27,19,0.0,10.1,6,41,12:51 PM,No moonset,07:05 AM,06:09 PM,19,24,24,23,6,42,83,1.8,1014,27,8,249,4,boise
2019-12-04,26,19,0.0,8.6,5,48,01:28 PM,12:35 AM,07:06 AM,06:09 PM,19,23,23,22,5,44,83,5.9,1014,26,8,239,3,boise
2019-12-05,27,19,0.0,8.6,5,55,02:03 PM,01:24 AM,07:06 AM,06:09 PM,19,24,24,22,7,40,83,1.0,1016,27,10,48,4,boise
2019-12-06,25,19,0.0,8.6,5,62,02:37 PM,02:11 AM,07:07 AM,06:10 PM,19,23,23,22,10,52,86,0.6,1017,25,8,28,6,boise
2019-12-07,25,19,0.0,7.0,5,70,03:12 PM,02:59 AM,07:08 AM,06:10 PM,19,23,23,22,10,69,88,5.1,1016,25,6,7,5,boise
2019-12-08,26,19,0.0,5.5,5,77,03:48 PM,03:48 AM,07:08 AM,06:10 PM,20,24,24,23,9,63,87,1.2,1016,26,7,26,6,boise
2019-12-09,29,20,0.0,11.0,6,84,04:27 PM,04:39 AM,07:09 AM,06:10 PM,20,25,25,23,7,31,85,0.1,1016,29,7,30,5,boise
2019-12-10,26,20,0.0,8.6,5,92,05:10 PM,05:32 AM,07:09 AM,06:11 PM,19,23,23,22,8,42,84,4.3,1017,26,8,18,5,boise
2019-12-11,27,18,0.0,11.0,5,99,05:57 PM,06:28 AM,07:10 AM,06:11 PM,19,23,23,22,13,21,84,0.1,1017,27,9,24,8,boise
2019-12-12,26,20,0.0,11.0,6,100,06:48 PM,07:26 AM,07:11 AM,06:11 PM,19,23,23,22,13,9,81,0.0,1015,26,10,37,9,boise
2019-12-13,30,18,0.0,11.0,7,87,07:45 PM,08:24 AM,07:11 AM,06:12 PM,19,25,25,23,5,9,79,0.0,1013,30,10,137,3,boise
2019-12-14,29,20,0.0,10.1,7,79,08:45 PM,09:23 AM,07:12 AM,06:12 PM,19,25,25,24,6,23,79,0.0,1014,29,10,226,4,boise
2019-12-15,0,21,0.0,7.0,2,72,09:47 PM,10:17 AM,07:12 AM,06:12 PM,20,21,21,21,4,67,92,0.4,1017,0,10,0,2,boise
2019-12-16,25,19,0.0,8.6,5,65,10:48 PM,11:09 AM,07:13 AM,06:13 PM,18,23,23,22,9,54,81,0.7,1016,25,10,40,6,boise
2019-12-17,26,18,0.0,10.1,5,58,11:48 PM,11:57 AM,07:13 AM,06:13 PM,18,22,22,22,6,34,80,0.2,1014,26,10,134,3,boise
2019-12-18,26,19,0.0,10.1,5,50,No moonrise,12:41 PM,07:14 AM,06:14 PM,18,23,23,22,10,27,80,1.7,1014,26,10,132,6,boise
2019-12-19,27,18,0.0,8.5,5,43,12:46 AM,01:23 PM,07:15 AM,06:14 PM,18,23,23,22,8,48,80,3.7,1015,27,10,100,5,boise
2019-12-20,28,20,0.0,11.0,7,36,01:44 AM,02:04 PM,07:15 AM,06:15 PM,19,25,25,23,5,20,79,0.2,1016,28,10,138,4,boise
2019-12-21,27,20,0.0,11.0,6,28,02:42 AM,02:46 PM,07:16 AM,06:15 PM,19,24,24,23,9,14,82,0.0,1016,27,10,37,7,boise
2019-12-22,27,19,0.0,10.1,5,21,03:40 AM,03:30 PM,07:16 AM,06:16 PM,19,24,24,23,6,32,82,0.1,1015,27,8,160,4,boise
2019-12-23,27,20,0.0,11.0,6,14,04:39 AM,04:16 PM,07:17 AM,06:16 PM,18,24,24,23,8,5,75,0.0,1014,27,10,150,5,boise
2019-12-24,26,19,0.0,11.0,6,7,05:39 AM,05:06 PM,07:17 AM,06:17 PM,17,23,23,22,9,7,77,0.0,1012,26,10,161,6,boise
2019-12-25,26,20,0.0,8.6,5,0,06:38 AM,05:58 PM,07:17 AM,06:17 PM,19,24,24,23,8,38,82,0.7,1011,26,9,245,4,boise
2019-12-26,26,18,0.0,10.1,5,0,07:36 AM,06:52 PM,07:18 AM,06:18 PM,20,23,23,22,9,55,86,0.8,1012,26,7,24,6,boise
2019-12-27,25,19,0.0,11.0,6,0,08:30 AM,07:48 PM,07:18 AM,06:18 PM,19,22,22,22,10,27,84,0.0,1015,25,8,26,7,boise
2019-12-28,28,19,0.0,11.0,7,8,09:20 AM,08:42 PM,07:19 AM,06:19 PM,19,24,24,23,9,12,79,0.1,1015,28,9,23,6,boise
2019-12-29,26,19,0.0,10.1,5,15,10:06 AM,09:35 PM,07:19 AM,06:19 PM,19,23,23,22,10,56,83,0.8,1014,26,7,33,6,boise
2019-12-30,27,18,0.0,10.1,5,22,10:47 AM,10:26 PM,07:20 AM,06:20 PM,19,22,22,22,8,51,83,0.6,1014,27,7,251,5,boise
2019-12-31,27,19,0.0,7.0,5,26,11:25 AM,11:16 PM,07:20 AM,06:21 PM,19,23,23,22,7,73,85,7.1,1015,27,8,171,4,boise
