date_time,maxtempC,mintempC,totalSnow_cm,sunHour,uvIndex,moon_illumination,moonrise,moonset,sunrise,sunset,DewPointC,FeelsLikeC,HeatIndexC,WindChillC,WindGustKmph,cloudcover,humidity,precipMM,pressure,tempC,visibility,winddirDegree,windspeedKmph,location,label
1/1/2018,-1,-6,0,8.7,2,97,6:21 PM,8:37 AM,9:18 AM,6:19 PM,-9,-7,-4,-7,13,22,71,0,1031,-1,10,196,7,83706,0
1/2/2018,0,-5,0,8.7,2,100,7:29 PM,9:40 AM,9:18 AM,6:20 PM,-7,-6,-4,-6,13,4,77,0,1034,0,10,138,7,83706,0
1/3/2018,-1,-6,0,8.7,2,89,8:41 PM,10:34 AM,9:18 AM,6:21 PM,-8,-5,-4,-5,9,13,73,0,1029,-1,10,170,5,83706,0
1/4/2018,0,-5,0,8.7,2,81,9:54 PM,11:20 AM,9:18 AM,6:22 PM,-7,-4,-3,-4,8,19,74,0,1025,0,10,135,4,83706,0
1/5/2018,2,-4,0,8.7,2,74,11:06 PM,11:59 AM,9:18 AM,6:23 PM,-5,-2,-1,-2,8,31,72,0,1025,2,10,119,4,83706,0
1/6/2018,1,-1,0.2,5.2,1,67,No moonrise,12:32 PM,9:18 AM,6:24 PM,-2,-1,0,-1,9,68,87,2.1,1023,1,7,212,5,83706,1
1/7/2018,4,-1,0,8.7,2,59,12:14 AM,1:03 PM,9:18 AM,6:25 PM,-2,-2,1,-2,14,15,83,0,1024,4,10,101,7,83706,0
1/8/2018,3,0,0,8.7,2,52,1:21 AM,1:32 PM,9:18 AM,6:26 PM,-2,-1,1,-1,12,25,83,0,1017,3,10,111,6,83706,0
1/9/2018,5,2,0,3.4,1,45,2:24 AM,2:00 PM,9:18 AM,6:27 PM,1,0,3,0,27,76,87,3.2,1007,5,10,126,13,83706,1
1/10/2018,4,-1,0,8.7,2,38,3:26 AM,2:28 PM,9:17 AM,6:28 PM,-2,-2,1,-2,18,40,81,0.3,1015,4,8,238,10,83706,1
1/11/2018,5,0,0,3.4,1,30,4:25 AM,2:59 PM,9:17 AM,6:29 PM,-1,-2,2,-2,26,80,82,4.4,1021,5,10,126,13,83706,1
1/12/2018,7,2,0,8.7,2,23,5:25 AM,3:33 PM,9:16 AM,6:30 PM,1,2,4,2,15,36,80,0.1,1027,7,10,253,8,83706,1
1/13/2018,7,2,0,8.7,2,16,6:21 AM,4:11 PM,9:16 AM,6:31 PM,0,2,4,2,12,16,76,0,1032,7,10,130,6,83706,0
1/14/2018,8,1,0,8.7,2,9,7:15 AM,4:53 PM,9:16 AM,6:33 PM,-1,2,3,2,10,8,73,0,1030,8,10,118,6,83706,0
1/15/2018,7,1,0,8.7,2,1,8:05 AM,5:40 PM,9:15 AM,6:34 PM,-2,1,3,1,16,17,71,0,1027,7,10,122,9,83706,0
1/16/2018,5,0,0,7,2,0,8:52 AM,6:31 PM,9:15 AM,6:35 PM,-3,0,2,0,14,32,71,0.7,1026,5,10,166,7,83706,1
1/17/2018,8,0,0,8.7,2,0,9:34 AM,7:27 PM,9:14 AM,6:36 PM,-2,0,3,0,22,26,70,0,1028,8,10,118,12,83706,0
1/18/2018,12,4,0,7,3,6,10:10 AM,8:24 PM,9:13 AM,6:38 PM,1,4,7,4,37,47,67,2.7,1014,12,10,144,20,83706,1
1/19/2018,4,1,0,7,1,13,10:44 AM,9:25 PM,9:13 AM,6:39 PM,-1,1,3,1,14,55,75,3.3,1014,4,10,194,10,83706,1
1/20/2018,3,-2,0,8.7,2,20,11:15 AM,10:25 PM,9:12 AM,6:40 PM,-5,-2,0,-2,12,14,69,0,1021,3,10,247,8,83706,0
1/21/2018,4,-2,0,8.7,2,28,11:44 AM,11:28 PM,9:11 AM,6:41 PM,-6,-1,1,-1,12,26,64,0,1026,4,10,189,7,83706,0
1/22/2018,3,0,2,7,2,35,12:12 PM,No moonset,9:11 AM,6:43 PM,-2,-2,1,-2,18,62,83,2.3,1026,3,8,164,11,83706,1
1/23/2018,4,-2,0,5.2,2,42,12:40 PM,12:31 AM,9:10 AM,6:44 PM,-4,-3,1,-3,24,55,68,0,1028,4,10,110,13,83706,0
1/24/2018,7,2,0,5.2,2,49,1:10 PM,1:37 AM,9:09 AM,6:45 PM,-3,0,5,0,43,56,59,0,1017,7,10,125,22,83706,0
1/25/2018,5,0,4.1,8.7,2,57,1:44 PM,2:44 AM,9:08 AM,6:47 PM,-3,0,3,0,19,58,67,5.6,1012,5,8,219,11,83706,1
1/26/2018,4,-1,0.2,8.7,2,64,2:22 PM,3:54 AM,9:07 AM,6:48 PM,-5,-1,1,-1,11,63,67,0.8,1025,4,9,192,7,83706,1
1/27/2018,3,0,0.5,3.5,1,71,3:07 PM,5:04 AM,9:06 AM,6:49 PM,-2,-2,1,-2,23,93,76,3.6,1028,3,9,116,13,83706,1
1/28/2018,8,2,0,8.7,2,78,4:01 PM,6:13 AM,9:05 AM,6:51 PM,2,3,4,3,14,40,84,0.2,1033,8,9,89,8,83706,1
1/29/2018,8,3,0,5.3,3,86,5:03 PM,7:19 AM,9:04 AM,6:52 PM,0,3,5,3,19,48,70,0,1029,8,10,107,10,83706,0
1/30/2018,10,3,0,7,3,93,6:13 PM,8:17 AM,9:03 AM,6:53 PM,0,4,7,4,25,63,61,0.5,1017,10,9,206,14,83706,1
1/31/2018,4,0,0,8.7,2,97,7:26 PM,9:08 AM,9:02 AM,6:55 PM,-5,-1,2,-1,13,30,62,0,1024,4,10,290,8,83706,0
2/1/2018,6,0,0,7,2,88,8:40 PM,9:51 AM,9:01 AM,6:56 PM,-5,1,3,1,10,52,57,0,1026,6,10,76,5,83706,0
2/2/2018,12,4,0,9.6,3,81,9:53 PM,10:28 AM,9:00 AM,6:58 PM,2,6,7,6,15,54,69,0.6,1024,12,9,164,9,83706,1
2/3/2018,13,6,0,10,3,73,11:02 PM,11:01 AM,8:59 AM,6:59 PM,4,7,9,7,22,31,74,0.1,1023,13,10,318,13,83706,1
2/4/2018,14,5,0,10.4,3,66,No moonrise,11:32 AM,8:58 AM,7:00 PM,4,7,9,7,15,34,73,0.3,1021,14,10,307,9,83706,1
2/5/2018,10,4,0,10.5,3,58,12:09 AM,12:01 PM,8:56 AM,7:02 PM,1,5,7,5,21,15,68,0.1,1019,10,10,317,12,83706,1
2/6/2018,7,1,0,10.5,2,51,1:13 AM,12:30 PM,8:55 AM,7:03 PM,-2,2,4,2,17,20,65,0,1024,7,10,284,10,83706,0
2/7/2018,11,3,0,10.5,3,43,2:15 AM,1:00 PM,8:54 AM,7:05 PM,-2,5,6,5,11,19,59,0,1029,11,10,139,6,83706,0
2/8/2018,15,6,0,10.5,3,36,3:16 AM,1:34 PM,8:53 AM,7:06 PM,0,8,9,8,15,17,52,0,1023,15,10,143,8,83706,0
2/9/2018,8,4,0,10.6,3,28,4:13 AM,2:10 PM,8:51 AM,7:07 PM,-1,4,7,4,24,10,59,0,1018,8,10,312,15,83706,0
2/10/2018,4,-1,0,10.6,2,20,5:09 AM,2:50 PM,8:50 AM,7:09 PM,-8,-3,1,-3,25,4,51,0,1022,4,10,313,17,83706,0
2/11/2018,5,0,0.1,6.9,1,13,6:01 AM,3:36 PM,8:49 AM,7:10 PM,-11,-1,1,-1,17,70,41,0.1,1016,5,10,147,11,83706,1
2/12/2018,4,-2,0.3,10.6,2,5,6:48 AM,4:25 PM,8:47 AM,7:11 PM,-6,-3,0,-3,18,50,64,0.3,1016,4,9,304,13,83706,1
2/13/2018,4,-3,0,10.7,2,0,7:32 AM,5:20 PM,8:46 AM,7:13 PM,-10,-1,0,-1,8,4,46,0,1027,4,10,211,5,83706,0
2/14/2018,4,0,2.3,6.9,2,0,8:10 AM,6:17 PM,8:44 AM,7:14 PM,-5,-2,1,-2,23,53,65,2.7,1019,4,8,190,13,83706,1
2/15/2018,2,-3,0,10.7,2,0,8:45 AM,7:17 PM,8:43 AM,7:16 PM,-6,-5,-1,-5,18,21,71,0,1028,2,10,276,12,83706,0
2/16/2018,3,-2,0.2,8.5,2,2,9:18 AM,8:18 PM,8:41 AM,7:17 PM,-7,-3,0,-3,12,44,61,0.2,1028,3,10,128,7,83706,1
2/17/2018,7,-1,0,8.5,2,10,9:47 AM,9:21 PM,8:40 AM,7:18 PM,-1,0,3,0,18,48,77,1.5,1018,7,9,186,10,83706,1
2/18/2018,6,-2,1.1,10.8,2,17,10:15 AM,10:25 PM,8:38 AM,7:20 PM,-3,-2,2,-2,27,33,68,2,1006,6,9,300,17,83706,1
2/19/2018,-2,-8,0,10.8,2,25,10:44 AM,11:30 PM,8:37 AM,7:21 PM,-11,-10,-5,-10,23,13,62,0,1013,-2,10,272,16,83706,0
2/20/2018,-6,-12,0,10.9,2,32,11:14 AM,No moonset,8:35 AM,7:22 PM,-17,-14,-9,-14,15,17,52,0,1027,-6,10,265,9,83706,0
2/21/2018,-1,-8,0.1,8.5,2,40,11:45 AM,12:36 AM,8:34 AM,7:24 PM,-14,-9,-5,-9,18,59,49,0.1,1025,-1,10,94,10,83706,1
2/22/2018,-2,-6,1.7,8.5,1,47,12:21 PM,1:44 AM,8:32 AM,7:25 PM,-8,-7,-4,-7,12,71,75,2,1020,-2,9,233,8,83706,1
2/23/2018,-4,-10,0,11,2,55,1:02 PM,2:52 AM,8:31 AM,7:26 PM,-12,-12,-7,-12,16,16,66,0,1030,-4,10,296,10,83706,0
2/24/2018,0,-7,0.3,5.5,1,62,1:50 PM,3:59 AM,8:29 AM,7:28 PM,-7,-8,-4,-8,18,78,79,0.4,1022,0,9,183,11,83706,1
2/25/2018,0,-7,1.7,7,2,70,2:46 PM,5:04 AM,8:27 AM,7:29 PM,-6,-7,-4,-7,18,63,85,2,1022,0,8,168,11,83706,1
2/26/2018,0,-6,0.8,8.6,1,77,3:51 PM,6:03 AM,8:26 AM,7:30 PM,-4,-6,-2,-6,23,70,81,0.9,1015,0,8,273,15,83706,1
2/27/2018,-2,-10,0,11.1,2,85,5:01 PM,6:56 AM,8:24 AM,7:31 PM,-11,-9,-6,-9,10,6,73,0,1024,-2,10,219,5,83706,0
2/28/2018,1,-7,0,7.1,1,93,6:13 PM,7:42 AM,8:22 AM,7:33 PM,-8,-7,-3,-7,24,55,69,0,1022,1,10,114,14,83706,0
3/1/2018,5,-1,2.6,5.6,1,96,7:27 PM,8:21 AM,8:21 AM,7:34 PM,-1,-4,1,-4,47,83,84,4.5,1011,5,7,120,28,83706,1
3/2/2018,3,-2,1.2,11.2,1,100,8:38 PM,8:56 AM,8:19 AM,7:35 PM,-3,-2,2,-2,29,39,72,4.2,1008,3,9,166,17,83706,1
3/3/2018,3,-3,0.5,10.1,2,89,9:48 PM,9:28 AM,8:17 AM,7:37 PM,-6,-5,-1,-5,21,43,67,0.7,1015,3,10,130,12,83706,1
3/4/2018,2,-5,0,11.2,2,82,10:55 PM,9:58 AM,8:16 AM,7:38 PM,-7,-5,-2,-5,14,20,70,0,1022,2,10,143,9,83706,0
3/5/2018,4,-3,0,11.3,2,74,12:00 AM,10:28 AM,8:14 AM,7:39 PM,-6,-2,0,-2,10,29,65,0,1029,4,10,169,6,83706,0
3/6/2018,7,-2,0,11.3,2,67,No moonrise,10:58 AM,8:12 AM,7:40 PM,-6,-2,2,-2,24,4,57,0,1029,7,10,110,14,83706,0
3/7/2018,8,-2,0,10.1,2,60,1:03 AM,11:31 AM,8:11 AM,7:42 PM,-5,0,3,0,23,30,55,0,1024,8,10,120,13,83706,0
3/8/2018,10,2,0,11.3,3,53,2:03 AM,12:06 PM,8:09 AM,7:43 PM,-2,3,6,3,25,37,56,0.3,1016,10,10,127,14,83706,1
3/9/2018,10,5,0,8.6,2,45,3:00 AM,12:46 PM,8:07 AM,7:44 PM,2,6,6,6,8,56,72,3.1,1014,10,10,188,5,83706,1
3/10/2018,10,1,0,11.4,3,38,3:54 AM,1:30 PM,8:05 AM,7:45 PM,-1,4,5,4,13,10,67,0,1018,10,10,128,8,83706,0
3/11/2018,12,2,0,11.4,3,31,4:43 AM,2:17 PM,8:04 AM,7:47 PM,-3,5,6,5,9,31,54,0,1022,12,10,140,5,83706,0
3/12/2018,13,3,0,11.5,3,24,5:28 AM,3:10 PM,8:02 AM,7:48 PM,-1,5,7,5,18,4,57,0,1023,13,10,125,11,83706,0
3/13/2018,17,4,0,11.5,4,16,6:08 AM,4:06 PM,8:00 AM,7:49 PM,0,8,10,8,36,15,49,0,1014,17,10,124,22,83706,0
3/14/2018,10,6,0,10.2,3,9,6:45 AM,5:06 PM,7:59 AM,7:50 PM,3,6,8,6,14,59,71,5.1,1008,10,10,167,9,83706,1
3/15/2018,7,2,0,10.2,2,2,7:18 AM,6:07 PM,7:57 AM,7:51 PM,-1,2,4,2,11,41,70,0.4,1009,7,10,290,8,83706,1
3/16/2018,7,2,0,11.6,2,0,7:49 AM,7:10 PM,7:55 AM,7:53 PM,-2,1,4,1,25,52,62,0.5,1010,7,9,126,17,83706,1
3/17/2018,5,2,0.6,6,1,0,8:17 AM,8:14 PM,7:53 AM,7:54 PM,-1,2,3,2,8,88,74,4.4,1010,5,9,224,6,83706,1
3/18/2018,7,1,0.5,11.6,2,5,8:46 AM,9:21 PM,7:52 AM,7:55 PM,-3,1,3,1,12,40,65,0.5,1019,7,9,234,8,83706,1
3/19/2018,9,1,0,8.8,1,13,9:16 AM,10:27 PM,7:50 AM,7:56 PM,-4,2,4,2,15,48,53,0.1,1023,9,10,120,8,83706,1
3/20/2018,9,3,0,10.2,3,20,9:47 AM,11:36 PM,7:48 AM,7:57 PM,-2,4,5,4,15,48,60,0,1019,9,10,111,8,83706,0
3/21/2018,13,4,0,10.2,3,27,10:21 AM,No moonset,7:46 AM,7:59 PM,1,5,8,5,32,47,63,1.4,1011,13,9,120,20,83706,1
3/22/2018,12,8,0,6.3,2,34,11:01 AM,12:45 AM,7:44 AM,8:00 PM,5,7,10,7,32,83,75,9.8,1006,12,9,146,19,83706,1
3/23/2018,10,2,0,11.6,3,42,11:47 AM,1:53 AM,7:43 AM,8:01 PM,-2,5,6,5,8,25,59,0.1,1013,10,10,221,5,83706,1
3/24/2018,7,3,0,11.6,2,49,12:39 PM,2:57 AM,7:41 AM,8:02 PM,-7,2,5,2,19,20,44,0,1012,7,10,224,12,83706,0
3/25/2018,4,1,4.3,9,1,56,1:40 PM,3:57 AM,7:39 AM,8:03 PM,-3,0,2,0,10,67,72,5.1,1015,4,8,254,6,83706,1
3/26/2018,6,-3,0,11.6,2,63,2:45 PM,4:50 AM,7:37 AM,8:04 PM,-5,-2,1,-2,18,7,62,0,1025,6,10,324,12,83706,0
3/27/2018,11,0,0,11.6,3,71,3:55 PM,5:37 AM,7:35 AM,8:06 PM,-3,4,5,4,12,24,55,0,1026,11,10,169,8,83706,0
3/28/2018,12,3,0,11.6,3,78,5:06 PM,6:17 AM,7:34 AM,8:07 PM,0,5,7,5,24,18,62,0,1023,12,10,322,15,83706,0
3/29/2018,12,2,0,11.6,3,85,6:17 PM,6:53 AM,7:32 AM,8:08 PM,-2,5,7,5,18,16,53,0,1023,12,10,282,11,83706,0
3/30/2018,16,5,0,7.7,3,93,7:27 PM,7:25 AM,7:30 AM,8:09 PM,-1,9,10,9,13,43,50,0,1019,16,10,208,8,83706,0
3/31/2018,14,6,0,7.7,2,96,8:35 PM,7:55 AM,7:28 AM,8:10 PM,1,8,10,8,15,77,57,0,1017,14,10,322,10,83706,0
4/1/2018,13,3,0,10.3,3,89,9:42 PM,8:25 AM,7:26 AM,8:12 PM,1,8,9,8,10,35,58,0.2,1013,13,9,278,7,83706,1
4/2/2018,10,1,0.1,11.6,2,81,10:46 PM,8:55 AM,7:25 AM,8:13 PM,-5,0,5,0,34,39,51,0.9,1012,10,10,307,25,83706,1
4/3/2018,10,-1,0,9,2,74,11:49 PM,9:27 AM,7:23 AM,8:14 PM,-9,2,4,2,18,35,38,0,1021,10,10,112,13,83706,0
4/4/2018,14,5,0,11.6,3,66,No moonrise,10:02 AM,7:21 AM,8:15 PM,-2,8,9,8,14,53,45,0.1,1016,14,10,165,8,83706,1
4/5/2018,14,7,0,7.8,4,59,12:49 AM,10:39 AM,7:19 AM,8:16 PM,3,10,10,10,10,56,63,0.5,1015,14,9,145,5,83706,1
4/6/2018,14,8,0,11.6,4,51,1:45 AM,11:22 AM,7:18 AM,8:17 PM,5,10,10,10,7,57,72,1.3,1011,14,10,248,5,83706,1
4/7/2018,15,9,0,10.3,3,44,2:36 AM,12:08 PM,7:16 AM,8:19 PM,5,9,11,9,34,55,65,7.5,1005,15,9,181,22,83706,1
4/8/2018,11,6,0,9.1,2,36,3:24 AM,12:59 PM,7:14 AM,8:20 PM,1,6,8,6,23,74,62,0.9,1015,11,10,263,16,83706,1
4/9/2018,14,2,0,11.6,3,28,4:06 AM,1:54 PM,7:12 AM,8:21 PM,0,8,8,8,7,10,62,0,1024,14,10,133,4,83706,0
4/10/2018,20,8,0,7.8,3,21,4:43 AM,2:52 PM,7:11 AM,8:22 PM,1,11,12,11,25,47,46,0.2,1015,20,9,152,15,83706,1
4/11/2018,15,6,0,9.1,4,13,5:17 AM,3:52 PM,7:09 AM,8:23 PM,3,10,11,10,14,41,62,1.1,1009,15,10,165,8,83706,1
4/12/2018,9,2,0,9.1,2,6,5:48 AM,4:54 PM,7:07 AM,8:25 PM,-2,1,5,1,35,60,60,2.5,1009,9,8,299,26,83706,1
4/13/2018,10,0,0,11.6,2,0,6:17 AM,5:59 PM,7:05 AM,8:26 PM,-3,2,5,2,18,27,57,0,1028,10,10,276,12,83706,0
4/14/2018,14,5,0,7.9,2,0,6:46 AM,7:05 PM,7:04 AM,8:27 PM,0,9,9,9,10,67,55,0,1024,14,10,149,6,83706,0
4/15/2018,18,7,0,10.4,3,0,7:16 AM,8:13 PM,7:02 AM,8:28 PM,2,12,13,12,20,65,49,0.6,1009,18,9,125,13,83706,1
4/16/2018,11,5,0,11.6,3,1,7:46 AM,9:23 PM,7:00 AM,8:29 PM,-1,5,7,5,18,53,58,2.3,1006,11,9,305,13,83706,1
4/17/2018,9,0,0,11.6,2,9,8:20 AM,10:33 PM,6:59 AM,8:31 PM,-6,1,4,1,21,23,49,0.1,1020,9,10,271,15,83706,1
4/18/2018,14,2,0,9.2,3,17,8:58 AM,11:44 PM,6:57 AM,8:32 PM,-5,6,8,6,22,48,39,0,1020,14,10,104,14,83706,0
4/19/2018,17,5,0,10.4,3,24,9:43 AM,No moonset,6:55 AM,8:33 PM,0,9,10,9,22,51,49,0,1014,17,10,247,14,83706,0
4/20/2018,17,5,0,11.6,4,32,10:34 AM,12:51 AM,6:54 AM,8:34 PM,1,9,11,9,29,1,50,0,1019,17,10,316,19,83706,0
4/21/2018,18,8,0,11.6,4,39,11:33 AM,1:54 AM,6:52 AM,8:35 PM,1,13,13,13,15,8,45,0,1019,18,10,137,10,83706,0
4/22/2018,16,5,0,11.6,4,47,12:37 PM,2:49 AM,6:50 AM,8:36 PM,0,9,11,9,20,7,48,0,1018,16,10,313,14,83706,0
4/23/2018,15,3,0,11.6,3,54,1:45 PM,3:38 AM,6:49 AM,8:38 PM,-2,7,9,7,25,3,49,0,1022,15,10,306,17,83706,0
4/24/2018,18,6,0,11.6,4,62,2:55 PM,4:18 AM,6:47 AM,8:39 PM,-1,10,11,10,17,7,43,0,1025,18,10,145,11,83706,0
4/25/2018,22,8,0,11.6,4,69,4:04 PM,4:54 AM,6:46 AM,8:40 PM,0,14,15,14,18,13,39,0,1020,22,10,187,11,83706,0
4/26/2018,24,10,0,11.6,5,77,5:13 PM,5:27 AM,6:44 AM,8:41 PM,2,17,17,17,13,0,37,0,1018,24,10,116,9,83706,0
4/27/2018,28,11,0,11.6,5,85,6:20 PM,5:56 AM,6:43 AM,8:42 PM,2,19,19,19,22,11,33,0.3,1009,28,10,137,14,83706,1
4/28/2018,17,11,0,11.6,4,92,7:27 PM,6:25 AM,6:41 AM,8:44 PM,3,13,14,13,21,17,49,0.1,1008,17,10,288,14,83706,1
4/29/2018,13,5,0,11.6,3,100,8:31 PM,6:54 AM,6:40 AM,8:45 PM,1,7,9,7,20,19,58,0.4,1011,13,10,311,14,83706,1
4/30/2018,14,4,0,11.6,3,100,9:36 PM,7:25 AM,6:38 AM,8:46 PM,1,6,9,6,28,15,59,1.1,1013,14,10,321,20,83706,1
5/1/2018,15,3,0,11.6,3,89,10:36 PM,7:58 AM,6:37 AM,8:47 PM,1,7,9,7,23,14,58,0,1012,15,10,317,16,83706,0
5/2/2018,18,4,0,11.6,4,82,11:35 PM,8:34 AM,6:36 AM,8:48 PM,2,10,11,10,16,12,56,0,1014,18,10,303,11,83706,0
5/3/2018,21,6,0,11.6,4,75,No moonrise,9:15 AM,6:34 AM,8:50 PM,2,13,13,13,12,4,49,0,1018,21,10,286,8,83706,0
5/4/2018,25,11,0,11.6,5,68,12:29 AM,10:00 AM,6:33 AM,8:51 PM,3,18,18,18,9,9,40,0,1020,25,10,89,5,83706,0
5/5/2018,25,13,0,11.6,5,60,1:19 AM,10:49 AM,6:31 AM,8:52 PM,5,19,19,19,10,24,40,0,1017,25,10,109,6,83706,0
5/6/2018,25,13,0,11.6,5,53,2:03 AM,11:43 AM,6:30 AM,8:53 PM,6,19,19,19,15,6,42,0,1013,25,10,209,10,83706,0
5/7/2018,22,10,0,11.6,5,46,2:42 AM,12:39 PM,6:29 AM,8:54 PM,5,17,17,17,16,4,49,0,1018,22,10,330,10,83706,0
5/8/2018,26,11,0,10.5,5,39,3:17 AM,1:38 PM,6:28 AM,8:55 PM,5,19,19,19,8,15,43,0,1017,26,10,92,5,83706,0
5/9/2018,24,13,0,11.6,5,31,3:49 AM,2:38 PM,6:26 AM,8:57 PM,8,19,19,19,15,16,52,1,1012,24,10,273,9,83706,1
5/10/2018,18,9,0,11.6,4,24,4:18 AM,3:41 PM,6:25 AM,8:58 PM,6,13,14,13,22,21,59,0.2,1012,18,10,319,16,83706,1
5/11/2018,14,5,0,9.4,3,17,4:46 AM,4:46 PM,6:24 AM,8:59 PM,2,7,9,7,29,38,60,0.3,1013,14,10,321,21,83706,1
5/12/2018,16,7,0,13.4,4,9,5:15 AM,5:53 PM,6:23 AM,9:00 PM,4,10,11,10,15,68,62,0,1011,16,10,262,10,83706,0
5/13/2018,17,9,0,12.4,3,2,5:44 AM,7:02 PM,6:22 AM,9:01 PM,7,11,12,11,11,62,72,2.2,1014,17,10,187,7,83706,1
5/14/2018,22,8,0,14.5,5,0,6:16 AM,8:13 PM,6:21 AM,9:02 PM,4,15,16,15,11,5,52,0,1016,22,10,196,7,83706,0
5/15/2018,22,13,0,14.5,5,0,6:52 AM,9:26 PM,6:19 AM,9:03 PM,6,17,18,17,15,13,47,0.3,1013,22,10,118,10,83706,1
5/16/2018,22,12,0,14.5,5,5,7:35 AM,10:37 PM,6:18 AM,9:04 PM,6,17,17,17,15,19,50,0,1012,22,10,169,10,83706,0
5/17/2018,19,10,0,14.5,4,12,8:24 AM,11:45 PM,6:17 AM,9:05 PM,8,15,15,15,14,30,66,2.3,1011,19,10,326,9,83706,1
5/18/2018,21,12,0,14.5,4,19,9:22 AM,No moonset,6:16 AM,9:06 PM,9,16,16,16,14,29,64,2.5,1011,21,9,277,9,83706,1
5/19/2018,23,10,0,14.5,5,27,10:26 AM,12:45 AM,6:16 AM,9:08 PM,5,17,17,17,9,5,49,0,1012,23,10,162,6,83706,0
5/20/2018,22,14,0,12.4,4,34,11:36 AM,1:37 AM,6:15 AM,9:09 PM,7,17,17,17,10,51,52,0.3,1011,22,10,199,6,83706,1
5/21/2018,23,11,0,14.5,5,41,12:46 PM,2:20 AM,6:14 AM,9:10 PM,9,17,17,17,12,17,64,0.1,1011,23,10,315,8,83706,1
5/22/2018,24,12,0,14.5,5,48,1:56 PM,2:58 AM,6:13 AM,9:11 PM,9,18,18,18,8,12,59,1.3,1010,24,10,242,5,83706,1
5/23/2018,24,14,0,14.5,5,56,3:04 PM,3:31 AM,6:12 AM,9:12 PM,9,19,20,19,12,17,53,0.3,1009,24,10,180,8,83706,1
5/24/2018,26,14,0,14.5,5,63,4:11 PM,4:01 AM,6:11 AM,9:13 PM,9,20,21,20,9,17,52,0,1014,26,10,149,5,83706,0
5/25/2018,28,14,0,14.5,6,70,5:17 PM,4:29 AM,6:11 AM,9:14 PM,8,21,21,21,13,6,47,0.2,1009,28,10,213,8,83706,1
5/26/2018,21,12,0,14.5,5,78,6:21 PM,4:57 AM,6:10 AM,9:14 PM,10,16,17,16,21,21,66,0.9,1010,21,10,158,15,83706,1
5/27/2018,25,10,0,14.5,5,85,7:25 PM,5:27 AM,6:09 AM,9:15 PM,8,16,17,16,24,10,57,0.8,1013,25,10,309,16,83706,1
5/28/2018,25,13,0,14.5,5,92,8:26 PM,5:58 AM,6:08 AM,9:16 PM,10,18,18,18,17,20,59,0.3,1014,25,10,304,11,83706,1
5/29/2018,26,12,0,14.5,5,99,9:26 PM,6:32 AM,6:08 AM,9:17 PM,6,20,20,20,13,2,44,0,1011,26,10,260,8,83706,0
5/30/2018,24,11,0,14.5,5,100,10:22 PM,7:11 AM,6:07 AM,9:18 PM,7,17,18,17,13,6,50,0,1005,24,10,272,8,83706,0
5/31/2018,21,11,0,14.5,5,89,11:14 PM,7:54 AM,6:07 AM,9:19 PM,8,16,16,16,14,15,63,2.1,1005,21,10,278,10,83706,1
6/1/2018,18,6,0,14.5,4,74,No moonrise,8:42 AM,6:06 AM,9:20 PM,2,11,12,11,18,9,52,0,1018,18,10,278,13,83706,0
6/2/2018,25,10,0,14.5,5,67,12:00 AM,9:34 AM,6:06 AM,9:20 PM,1,17,17,17,11,2,35,0,1022,25,10,158,7,83706,0
6/3/2018,30,15,0,14.5,6,59,12:41 AM,10:29 AM,6:05 AM,9:21 PM,4,22,22,22,17,5,31,0,1014,30,10,124,11,83706,0
6/4/2018,27,14,0,14.5,6,52,1:18 AM,11:27 AM,6:05 AM,9:22 PM,7,21,22,21,17,5,41,0,1009,27,10,301,11,83706,0
6/5/2018,25,12,0,14.5,5,44,1:50 AM,12:26 PM,6:04 AM,9:23 PM,5,19,19,19,20,4,43,0,1010,25,10,279,13,83706,0
6/6/2018,29,13,0,14.5,6,36,2:19 AM,1:27 PM,6:04 AM,9:23 PM,5,21,21,21,13,19,36,0,1009,29,10,253,8,83706,0
6/7/2018,27,17,0,14.5,6,29,2:47 AM,2:29 PM,6:04 AM,9:24 PM,7,21,22,21,11,33,42,0,1008,27,10,253,7,83706,0
6/8/2018,29,13,0,14.5,6,21,3:15 AM,3:33 PM,6:04 AM,9:25 PM,9,21,21,21,8,6,51,0.3,1012,29,10,224,5,83706,1
6/9/2018,22,12,0,13.5,5,14,3:43 AM,4:40 PM,6:03 AM,9:25 PM,8,18,18,18,20,25,52,1.7,1008,22,10,280,13,83706,1
6/10/2018,15,5,0,14.5,4,6,4:12 AM,5:50 PM,6:03 AM,9:26 PM,-1,9,11,9,19,16,48,0,1016,15,10,269,13,83706,0
6/11/2018,19,11,0,14.5,4,0,4:46 AM,7:01 PM,6:03 AM,9:26 PM,0,14,14,14,16,20,37,0,1016,19,10,176,12,83706,0
6/12/2018,26,7,0,14.5,5,0,5:25 AM,8:14 PM,6:03 AM,9:27 PM,-3,16,16,16,8,0,29,0,1017,26,10,113,4,83706,0
6/13/2018,30,15,0,14.5,6,0,6:11 AM,9:26 PM,6:03 AM,9:27 PM,1,22,22,22,12,6,25,0,1008,30,10,155,7,83706,0
6/14/2018,21,12,0,13.5,5,1,7:06 AM,10:31 PM,6:03 AM,9:28 PM,4,17,17,17,25,19,43,0,1010,21,10,319,18,83706,0
6/15/2018,23,11,0,12.5,5,9,8:09 AM,11:29 PM,6:03 AM,9:28 PM,2,18,18,18,11,41,37,0,1007,23,10,249,7,83706,0
6/16/2018,22,10,0,14.5,5,16,9:19 AM,No moonset,6:03 AM,9:29 PM,4,17,17,17,11,14,46,0.3,1006,22,10,287,7,83706,1
6/17/2018,16,12,0,10.5,3,24,10:31 AM,12:18 AM,6:03 AM,9:29 PM,7,12,13,12,15,76,69,1.5,1009,16,10,309,11,83706,1
6/18/2018,20,10,0,14.5,5,31,11:44 AM,12:59 AM,6:03 AM,9:29 PM,9,15,15,15,9,30,67,0.1,1013,20,10,222,6,83706,1
6/19/2018,23,12,0,14.5,5,39,12:55 PM,1:34 AM,6:03 AM,9:30 PM,9,17,18,17,11,23,60,0,1017,23,10,306,8,83706,0
6/20/2018,28,14,0,14.5,6,46,2:03 PM,2:05 AM,6:03 AM,9:30 PM,9,21,21,21,10,12,49,0,1017,28,10,100,6,83706,0
6/21/2018,25,14,0,14.5,6,54,3:10 PM,2:34 AM,6:03 AM,9:30 PM,9,20,20,20,18,11,52,0.4,1015,25,10,246,13,83706,1
6/22/2018,29,15,0,14.5,6,61,4:14 PM,3:02 AM,6:04 AM,9:30 PM,8,22,22,22,10,8,45,0,1015,29,10,173,6,83706,0
6/23/2018,23,14,0,14.5,5,69,5:17 PM,3:31 AM,6:04 AM,9:30 PM,6,19,19,19,28,4,44,0,1013,23,10,307,19,83706,0
6/24/2018,28,12,0,14.5,5,77,6:19 PM,4:01 AM,6:04 AM,9:30 PM,6,20,20,20,10,2,44,0,1016,28,10,227,6,83706,0
6/25/2018,31,18,0,14.5,6,84,7:19 PM,4:33 AM,6:05 AM,9:31 PM,7,24,24,25,23,10,33,0,1010,31,10,201,14,83706,0
6/26/2018,26,12,0,14.5,5,92,8:16 PM,5:10 AM,6:05 AM,9:31 PM,3,19,19,19,24,4,35,0,1014,26,10,320,16,83706,0
6/27/2018,31,13,0,14.5,6,99,9:09 PM,5:51 AM,6:05 AM,9:31 PM,2,22,22,23,9,1,27,0,1010,31,10,249,5,83706,0
6/28/2018,25,16,0,14.5,6,100,9:57 PM,6:37 AM,6:06 AM,9:30 PM,4,21,21,21,27,4,35,0,1008,25,10,316,19,83706,0
6/29/2018,23,11,0,14.5,5,86,10:40 PM,7:28 AM,6:06 AM,9:30 PM,5,17,18,17,23,8,44,0,1014,23,10,313,16,83706,0
6/30/2018,25,12,0,14.5,5,78,11:19 PM,8:21 AM,6:07 AM,9:30 PM,5,18,18,18,17,5,43,0,1018,25,10,281,11,83706,0
7/1/2018,27,13,0,14.5,6,75,11:52 PM,9:18 AM,6:07 AM,9:30 PM,6,20,20,20,16,5,42,0,1016,27,10,248,11,83706,0
7/2/2018,25,13,0,14.5,5,68,No moonrise,10:17 AM,6:08 AM,9:30 PM,2,19,19,19,24,2,32,0,1014,25,10,322,16,83706,0
7/3/2018,22,9,0,14.5,5,61,12:22 AM,11:17 AM,6:08 AM,9:30 PM,0,15,16,15,24,1,36,0,1015,22,10,310,16,83706,0
7/4/2018,32,13,0,14.5,6,54,12:50 AM,12:17 PM,6:09 AM,9:29 PM,1,21,21,21,13,46,28,0,1015,32,10,124,8,83706,0
7/5/2018,36,17,0,14.5,7,46,1:17 AM,1:20 PM,6:10 AM,9:29 PM,3,26,26,27,12,6,25,0,1015,36,10,166,7,83706,0
7/6/2018,32,20,0,14.5,7,39,1:44 AM,2:23 PM,6:10 AM,9:29 PM,2,25,25,26,16,11,23,0,1019,32,10,314,11,83706,0
7/7/2018,32,19,0,14.5,7,32,2:12 AM,3:30 PM,6:11 AM,9:28 PM,6,24,24,25,15,14,30,0,1016,32,10,180,9,83706,0
7/8/2018,34,19,0,14.5,7,24,2:42 AM,4:38 PM,6:12 AM,9:28 PM,6,25,25,26,14,8,30,0,1013,34,10,240,9,83706,0
7/9/2018,36,18,0,14.5,7,17,3:18 AM,5:50 PM,6:12 AM,9:27 PM,5,27,27,27,11,1,25,0,1014,36,10,212,7,83706,0
7/10/2018,29,18,0,14.5,6,10,3:59 AM,7:01 PM,6:13 AM,9:27 PM,5,24,24,25,22,1,28,0,1015,29,10,280,15,83706,0
7/11/2018,30,14,0,14.5,6,3,4:48 AM,8:10 PM,6:14 AM,9:26 PM,5,22,22,23,18,0,34,0,1016,30,10,314,12,83706,0
7/12/2018,31,15,0,14.5,6,0,5:48 AM,9:13 PM,6:15 AM,9:26 PM,5,23,23,23,17,0,33,0,1015,31,10,318,11,83706,0
7/13/2018,34,17,0,14.5,7,0,6:55 AM,10:07 PM,6:15 AM,9:25 PM,4,25,25,26,11,2,27,0,1015,34,10,257,7,83706,0
7/14/2018,35,19,0,14.5,7,4,8:08 AM,10:53 PM,6:16 AM,9:25 PM,3,26,26,28,15,20,21,0,1014,35,10,208,10,83706,0
7/15/2018,35,19,0,14.5,7,12,9:24 AM,11:33 PM,6:17 AM,9:24 PM,4,26,26,27,16,10,24,0,1015,35,10,323,11,83706,0
7/16/2018,34,20,0,14.5,7,19,10:38 AM,No moonset,6:18 AM,9:23 PM,6,26,26,27,12,5,26,0.2,1015,34,10,233,8,83706,1
7/17/2018,34,19,0,14.5,7,26,11:50 AM,12:06 AM,6:19 AM,9:23 PM,6,26,26,27,10,1,28,0,1016,34,10,225,7,83706,0
7/18/2018,34,20,0,14.5,7,34,12:59 PM,12:37 AM,6:20 AM,9:22 PM,2,26,26,28,16,0,21,0,1015,34,10,198,10,83706,0
7/19/2018,34,17,0,14.5,7,41,2:05 PM,1:06 AM,6:21 AM,9:21 PM,2,25,25,26,15,1,22,0,1015,34,10,329,10,83706,0
7/20/2018,33,17,0,14.5,7,48,3:10 PM,1:35 AM,6:22 AM,9:20 PM,1,25,25,26,12,3,21,0,1012,33,10,237,8,83706,0
7/21/2018,33,16,0,14.5,6,55,4:12 PM,2:04 AM,6:23 AM,9:19 PM,-1,24,24,25,15,19,19,0,1012,33,10,320,10,83706,0
7/22/2018,31,16,0,14.5,6,63,5:13 PM,2:36 AM,6:24 AM,9:18 PM,-1,23,23,24,21,3,21,0,1018,31,10,278,13,83706,0
7/23/2018,35,18,0,14.5,7,70,6:10 PM,3:11 AM,6:25 AM,9:17 PM,-1,25,25,26,9,3,17,0,1018,35,10,238,6,83706,0
7/24/2018,36,21,0,14.5,7,77,7:05 PM,3:50 AM,6:26 AM,9:16 PM,5,28,28,29,10,8,22,0.1,1016,36,10,217,7,83706,1
7/25/2018,35,20,0,14.5,7,84,7:55 PM,4:34 AM,6:27 AM,9:15 PM,5,27,27,29,16,4,25,0.1,1017,35,10,276,11,83706,1
7/26/2018,35,20,0,14.5,7,92,8:39 PM,5:23 AM,6:28 AM,9:14 PM,3,27,27,28,14,2,22,0,1017,35,10,292,10,83706,0
7/27/2018,35,19,0,14.5,7,99,9:19 PM,6:16 AM,6:29 AM,9:13 PM,1,26,26,27,14,1,19,0,1014,35,10,248,9,83706,0
7/28/2018,34,19,0,14.5,7,100,9:54 PM,7:12 AM,6:30 AM,9:12 PM,2,26,26,27,13,1,22,0,1013,34,10,231,9,83706,0
7/29/2018,34,19,0,14.5,7,86,10:25 PM,8:10 AM,6:31 AM,9:11 PM,2,26,26,27,12,0,22,0,1016,34,10,270,8,83706,0
7/30/2018,35,19,0,14.5,7,79,10:54 PM,9:10 AM,6:32 AM,9:10 PM,3,27,27,28,10,5,22,0,1017,35,10,164,7,83706,0
7/31/2018,37,24,0,13.4,7,75,11:21 PM,10:10 AM,6:33 AM,9:09 PM,3,28,28,30,13,23,19,0.1,1013,37,10,118,8,83706,1
8/1/2018,35,22,0,14.5,7,65,11:48 PM,11:11 AM,6:34 AM,9:07 PM,5,28,28,29,10,15,23,0.1,1011,35,10,219,7,83706,1
8/2/2018,33,19,0,14.5,7,57,No moonrise,12:13 PM,6:35 AM,9:06 PM,3,25,25,27,14,12,23,0,1011,33,10,288,10,83706,0
8/3/2018,29,16,0,14.5,6,50,12:14 AM,1:17 PM,6:36 AM,9:05 PM,0,22,22,23,18,5,23,0,1012,29,10,323,12,83706,0
8/4/2018,28,14,0,14.5,6,43,12:43 AM,2:23 PM,6:37 AM,9:04 PM,2,22,21,22,19,1,29,0,1012,28,10,283,12,83706,0
8/5/2018,29,15,0,14.5,6,36,1:15 AM,3:31 PM,6:38 AM,9:02 PM,1,22,22,22,16,4,27,0,1013,29,10,317,11,83706,0
8/6/2018,31,17,0,14.5,6,28,1:52 AM,4:40 PM,6:39 AM,9:01 PM,2,23,23,24,12,1,24,0,1017,31,10,212,7,83706,0
8/7/2018,33,18,0,14.5,7,21,2:36 AM,5:49 PM,6:41 AM,9:00 PM,2,25,25,26,14,0,23,0,1015,33,10,199,10,83706,0
8/8/2018,36,20,0,11.6,7,14,3:29 AM,6:54 PM,6:42 AM,8:58 PM,2,27,27,28,10,0,20,0,1014,36,10,162,6,83706,0
8/9/2018,38,21,0,11.6,7,6,4:31 AM,7:52 PM,6:43 AM,8:57 PM,2,29,29,30,11,0,18,0,1014,38,10,153,7,83706,0
8/10/2018,40,25,0,11.6,8,0,5:42 AM,8:42 PM,6:44 AM,8:55 PM,0,30,30,32,16,0,14,0,1012,40,10,170,10,83706,0
8/11/2018,38,24,0,11.6,8,0,6:56 AM,9:25 PM,6:45 AM,8:54 PM,1,29,29,31,14,23,16,0.2,1011,38,10,276,8,83706,1
8/12/2018,29,18,0,11.6,6,1,8:13 AM,10:02 PM,6:46 AM,8:52 PM,4,23,23,24,25,9,28,0,1014,29,10,316,16,83706,0
8/13/2018,32,16,0,11.6,6,8,9:28 AM,10:35 PM,6:47 AM,8:51 PM,0,23,23,24,18,0,22,0,1014,32,10,320,12,83706,0
8/14/2018,32,16,0,11.6,6,15,10:40 AM,11:06 PM,6:48 AM,8:49 PM,-1,23,23,24,15,0,21,0,1012,32,10,284,10,83706,0
8/15/2018,35,18,0,11.6,7,22,11:50 AM,11:35 PM,6:50 AM,8:48 PM,-3,25,25,27,11,5,15,0,1012,35,10,159,7,83706,0
8/16/2018,34,21,0,11.6,7,30,12:57 PM,No moonset,6:51 AM,8:46 PM,3,27,27,28,11,7,21,0,1014,34,10,184,6,83706,0
8/17/2018,32,22,0,11.6,7,37,2:02 PM,12:05 AM,6:52 AM,8:45 PM,5,26,26,27,15,6,27,0.3,1016,32,10,194,9,83706,1
8/18/2018,30,17,0,11.6,6,44,3:05 PM,12:36 AM,6:53 AM,8:43 PM,2,23,23,24,14,0,27,0,1018,30,10,316,10,83706,0
8/19/2018,33,18,0,11.6,7,51,4:04 PM,1:11 AM,6:54 AM,8:42 PM,3,24,24,25,16,0,25,0,1015,33,10,128,10,83706,0
8/20/2018,31,17,0,11.6,6,59,5:00 PM,1:49 AM,6:55 AM,8:40 PM,3,23,23,24,19,2,27,0,1011,31,10,253,13,83706,0
8/21/2018,27,14,0,11.6,6,66,5:51 PM,2:31 AM,6:56 AM,8:38 PM,5,20,20,20,16,0,39,0,1016,27,10,315,10,83706,0
8/22/2018,29,16,0,11.6,6,73,6:37 PM,3:19 AM,6:57 AM,8:37 PM,6,22,21,22,11,5,37,0.7,1014,29,10,212,7,83706,1
8/23/2018,29,16,0,11.6,6,81,7:19 PM,4:10 AM,6:59 AM,8:35 PM,3,23,23,23,10,1,28,0,1013,29,10,150,6,83706,0
8/24/2018,27,16,0,11.6,6,88,7:56 PM,5:06 AM,7:00 AM,8:33 PM,2,22,22,22,17,16,28,0,1011,27,10,216,11,83706,0
8/25/2018,27,13,0,11.6,6,95,8:28 PM,6:03 AM,7:01 AM,8:32 PM,0,20,20,20,16,19,27,0,1012,27,10,316,10,83706,0
8/26/2018,22,13,0,10.4,5,100,8:58 PM,7:03 AM,7:02 AM,8:30 PM,3,18,18,18,20,34,39,0,1011,22,10,322,14,83706,0
8/27/2018,20,12,0,11.6,5,100,9:25 PM,8:03 AM,7:03 AM,8:28 PM,5,15,15,15,20,27,53,0.5,1013,20,9,326,14,83706,1
8/28/2018,23,8,0,11.6,5,83,9:52 PM,9:05 AM,7:04 AM,8:27 PM,2,15,16,15,9,4,44,0,1018,23,10,239,6,83706,0
8/29/2018,28,12,0,11.6,5,76,10:18 PM,10:07 AM,7:05 AM,8:25 PM,1,20,19,20,11,0,32,0,1014,28,10,87,7,83706,0
8/30/2018,28,16,0,11.6,6,69,10:46 PM,11:10 AM,7:07 AM,8:23 PM,1,22,22,22,18,4,26,0.7,1011,28,10,241,12,83706,1
8/31/2018,24,14,0,11.6,5,65,11:17 PM,12:15 PM,7:08 AM,8:21 PM,4,19,19,19,22,5,39,0,1014,24,10,316,14,83706,0
9/1/2018,25,11,0,11.6,5,48,11:51 PM,1:21 PM,7:09 AM,8:20 PM,0,18,18,18,13,0,31,0,1014,25,10,286,9,83706,0
9/2/2018,27,12,0,11.6,5,41,No moonrise,2:28 PM,7:10 AM,8:18 PM,-2,19,19,19,12,0,25,0,1014,27,10,333,8,83706,0
9/3/2018,29,14,0,11.6,6,33,12:30 AM,3:35 PM,7:11 AM,8:16 PM,-1,21,20,21,12,0,23,0,1013,29,10,217,8,83706,0
9/4/2018,29,14,0,11.6,6,26,1:18 AM,4:39 PM,7:12 AM,8:14 PM,3,21,21,21,15,3,31,0,1013,29,10,314,9,83706,0
9/5/2018,33,15,0,11.6,6,18,2:14 AM,5:39 PM,7:13 AM,8:13 PM,0,23,23,24,7,6,23,0,1014,33,10,163,5,83706,0
9/6/2018,32,20,0,11.6,7,11,3:19 AM,6:31 PM,7:14 AM,8:11 PM,1,25,25,26,11,15,20,1,1015,32,10,117,6,83706,1
9/7/2018,30,18,0,10.3,6,3,4:30 AM,7:16 PM,7:16 AM,8:09 PM,5,24,24,25,13,29,30,0.1,1016,30,10,184,8,83706,1
9/8/2018,27,18,0,11.6,6,0,5:46 AM,7:56 PM,7:17 AM,8:07 PM,3,22,22,23,18,13,28,0,1013,27,10,248,12,83706,0
9/9/2018,27,13,0,11.6,5,0,7:01 AM,8:30 PM,7:18 AM,8:06 PM,1,20,20,20,10,5,29,0,1013,27,10,245,7,83706,0
9/10/2018,26,15,0,9,6,0,8:16 AM,9:02 PM,7:19 AM,8:04 PM,0,20,20,20,13,23,26,0,1011,26,10,152,9,83706,0
9/11/2018,22,11,0,11.6,5,4,9:29 AM,9:33 PM,7:20 AM,8:02 PM,3,16,17,16,19,5,41,0,1010,22,10,321,13,83706,0
9/12/2018,20,9,0,11.6,4,12,10:39 AM,10:03 PM,7:21 AM,8:00 PM,0,14,14,14,20,8,40,0,1010,20,10,322,13,83706,0
9/13/2018,20,10,0,11.6,4,19,11:47 AM,10:34 PM,7:22 AM,7:58 PM,-1,15,15,15,14,19,34,0,1012,20,10,242,9,83706,0
9/14/2018,25,9,0,11.6,5,27,12:52 PM,11:08 PM,7:23 AM,7:57 PM,-4,17,17,17,13,5,26,0,1013,25,10,93,8,83706,0
9/15/2018,22,13,0,10.2,5,34,1:54 PM,11:46 PM,7:25 AM,7:55 PM,-3,18,18,18,11,39,25,0.1,1009,22,10,135,6,83706,1
9/16/2018,22,11,0,11.6,5,42,2:52 PM,No moonset,7:26 AM,7:53 PM,0,17,17,17,14,1,33,0,1013,22,10,170,9,83706,0
9/17/2018,23,9,0,11.6,5,49,3:46 PM,12:27 AM,7:27 AM,7:51 PM,-1,16,16,16,9,9,32,0,1014,23,10,239,5,83706,0
9/18/2018,24,10,0,11.6,5,57,4:34 PM,1:13 AM,7:28 AM,7:49 PM,-2,17,17,17,16,1,28,0,1012,24,10,284,10,83706,0
9/19/2018,23,10,0,11.6,5,64,5:18 PM,2:03 AM,7:29 AM,7:48 PM,-2,15,16,15,20,4,31,0,1011,23,10,319,13,83706,0
9/20/2018,20,8,0,11.6,4,72,5:56 PM,2:57 AM,7:30 AM,7:46 PM,-2,13,14,13,17,2,35,0,1017,20,10,285,11,83706,0
9/21/2018,25,10,0,8.8,5,80,6:29 PM,3:54 AM,7:31 AM,7:44 PM,-3,17,17,17,12,40,26,0,1017,25,10,109,7,83706,0
9/22/2018,25,15,0,7.4,5,87,7:00 PM,4:53 AM,7:32 AM,7:42 PM,-3,20,20,20,19,75,22,0,1013,25,10,222,11,83706,0
9/23/2018,20,12,0,11.6,5,95,7:28 PM,5:54 AM,7:34 AM,7:40 PM,1,15,16,15,24,17,40,0,1013,20,10,323,16,83706,0
9/24/2018,18,6,0,11.6,4,100,7:55 PM,6:56 AM,7:35 AM,7:39 PM,-4,11,12,11,20,3,35,0,1018,18,10,314,13,83706,0
9/25/2018,19,7,0,11.6,4,100,8:21 PM,7:58 AM,7:36 AM,7:37 PM,-2,12,13,12,10,2,36,0,1022,19,10,203,6,83706,0
9/26/2018,21,7,0,11.6,4,83,8:49 PM,9:02 AM,7:37 AM,7:35 PM,-4,14,14,14,9,0,30,0,1022,21,10,182,6,83706,0
9/27/2018,25,10,0,11.6,5,75,9:19 PM,10:08 AM,7:38 AM,7:33 PM,-3,17,17,17,10,0,26,0,1016,25,10,137,6,83706,0
9/28/2018,25,12,0,11.6,5,68,9:52 PM,11:14 AM,7:39 AM,7:31 PM,1,19,19,19,9,4,31,0,1010,25,10,165,5,83706,0
9/29/2018,25,13,0,11.6,5,60,10:29 PM,12:21 PM,7:40 AM,7:29 PM,-1,19,18,19,12,5,27,0,1005,25,10,191,7,83706,0
9/30/2018,20,14,0,10.2,5,52,11:14 PM,1:29 PM,7:42 AM,7:28 PM,2,17,17,17,18,37,38,0.2,1009,20,10,231,11,83706,1
10/1/2018,23,11,0,10.2,5,51,No moonrise,2:32 PM,7:43 AM,7:26 PM,1,15,16,15,17,24,40,0,1012,23,10,136,10,83706,0
10/2/2018,24,14,0,11.6,5,43,12:06 AM,3:32 PM,7:44 AM,7:24 PM,3,18,18,18,11,48,37,0,1009,24,10,122,7,83706,0
10/3/2018,19,12,0,11.6,5,36,1:07 AM,4:25 PM,7:45 AM,7:22 PM,4,15,15,15,14,25,50,0.2,1010,19,10,312,8,83706,1
10/4/2018,14,7,0,8.7,4,29,2:13 AM,5:11 PM,7:46 AM,7:20 PM,5,10,11,10,14,55,68,2,1010,14,10,270,10,83706,1
10/5/2018,15,4,0,10.2,3,21,3:25 AM,5:51 PM,7:47 AM,7:19 PM,2,9,9,9,8,31,64,0.3,1017,15,9,170,5,83706,1
10/6/2018,14,8,0,11.6,4,14,4:38 AM,6:26 PM,7:48 AM,7:17 PM,4,10,10,10,13,42,63,0.5,1013,14,9,228,10,83706,1
10/7/2018,15,5,0,11.6,3,7,5:53 AM,6:59 PM,7:50 AM,7:15 PM,0,6,9,6,29,11,56,0,1017,15,10,309,20,83706,0
10/8/2018,13,4,0,11.6,3,0,7:05 AM,7:29 PM,7:51 AM,7:13 PM,-1,8,9,8,13,24,51,0,1014,13,10,283,8,83706,0
10/9/2018,10,7,0,7.3,2,0,8:16 AM,7:59 PM,7:52 AM,7:12 PM,3,7,9,7,15,75,69,2.4,1008,10,9,191,11,83706,1
10/10/2018,11,3,0,11.6,3,0,9:27 AM,8:30 PM,7:53 AM,7:10 PM,1,6,7,6,12,27,68,0,1013,11,10,309,8,83706,0
10/11/2018,12,3,0,11.5,3,7,10:34 AM,9:03 PM,7:54 AM,7:08 PM,-1,6,7,6,11,9,59,0,1017,12,10,273,8,83706,0
10/12/2018,15,4,0,11.5,3,15,11:40 AM,9:40 PM,7:56 AM,7:06 PM,-1,9,9,9,7,3,48,0,1018,15,10,158,4,83706,0
10/13/2018,13,6,0,11.5,3,22,12:41 PM,10:20 PM,7:57 AM,7:05 PM,-3,7,9,7,28,3,42,0,1016,13,10,254,19,83706,0
10/14/2018,10,1,0,11.5,2,29,1:38 PM,11:04 PM,7:58 AM,7:03 PM,-8,4,5,4,11,2,40,0,1029,10,10,265,7,83706,0
10/15/2018,12,1,0,11.4,3,36,2:29 PM,11:54 PM,7:59 AM,7:01 PM,-11,6,6,6,9,4,28,0,1029,12,10,176,6,83706,0
10/16/2018,14,4,0,11,3,44,3:15 PM,No moonset,8:00 AM,7:00 PM,-7,8,9,8,10,2,33,0,1027,14,10,135,6,83706,0
10/17/2018,17,5,0,10.6,4,51,3:55 PM,12:46 AM,8:02 AM,6:58 PM,-2,11,11,11,6,1,42,0,1024,17,10,199,4,83706,0
10/18/2018,18,6,0,10.5,4,58,4:29 PM,1:43 AM,8:03 AM,6:56 PM,-1,12,12,12,9,5,44,0,1021,18,10,184,5,83706,0
10/19/2018,19,7,0,10.5,4,66,5:01 PM,2:41 AM,8:04 AM,6:55 PM,1,12,12,12,7,2,46,0,1025,19,10,115,4,83706,0
10/20/2018,19,8,0,10.5,4,73,5:30 PM,3:41 AM,8:05 AM,6:53 PM,-1,13,13,13,10,3,40,0,1023,19,10,127,5,83706,0
10/21/2018,19,8,0,10.5,4,80,5:57 PM,4:42 AM,8:06 AM,6:51 PM,0,13,13,13,8,5,41,0,1017,19,10,164,5,83706,0
10/22/2018,20,10,0,10.4,4,87,6:23 PM,5:45 AM,8:08 AM,6:50 PM,3,14,14,14,11,22,47,0.9,1015,20,10,85,6,83706,1
10/23/2018,19,11,0,10.4,4,95,6:50 PM,6:49 AM,8:09 AM,6:48 PM,6,14,14,14,12,16,61,0.3,1014,19,10,113,7,83706,1
10/24/2018,18,9,0,10,4,100,7:20 PM,7:55 AM,8:10 AM,6:47 PM,4,13,13,13,15,27,54,0.1,1015,18,10,174,8,83706,1
10/25/2018,15,7,0,10.3,4,100,7:51 PM,9:03 AM,8:11 AM,6:45 PM,2,11,11,11,8,22,56,0,1021,15,10,249,5,83706,0
10/26/2018,20,10,0,10,4,84,8:28 PM,10:12 AM,8:13 AM,6:44 PM,3,13,14,13,14,33,48,0,1020,20,10,139,7,83706,0
10/27/2018,18,9,0,10.3,4,76,9:11 PM,11:21 AM,8:14 AM,6:42 PM,7,13,13,13,11,22,68,0,1017,18,10,161,7,83706,0
10/28/2018,20,12,0,10.3,4,69,10:01 PM,12:27 PM,8:15 AM,6:41 PM,5,14,15,14,24,17,52,0.3,1014,20,10,160,14,83706,1
10/29/2018,11,7,0,10.2,3,62,11:00 PM,1:29 PM,8:17 AM,6:39 PM,1,7,9,7,19,22,59,0.4,1019,11,10,321,13,83706,1
10/30/2018,10,2,0,10.2,3,54,No moonrise,2:24 PM,8:18 AM,6:38 PM,-2,3,5,3,16,11,60,0,1025,10,10,316,10,83706,0
10/31/2018,8,4,0,6.7,2,51,12:04 AM,3:12 PM,8:19 AM,6:37 PM,-1,5,6,5,10,61,58,0.3,1023,8,10,104,6,83706,1
11/1/2018,15,5,0,10.2,3,34,1:14 AM,3:52 PM,8:20 AM,6:35 PM,5,9,9,9,12,52,75,0,1021,15,10,144,7,83706,0
11/2/2018,14,8,0,10,4,26,2:25 AM,4:27 PM,8:22 AM,6:34 PM,5,9,10,9,19,22,70,0.2,1019,14,10,210,12,83706,1
11/3/2018,11,4,0,10.1,3,19,3:37 AM,4:59 PM,8:23 AM,6:33 PM,0,5,7,5,16,18,64,0,1024,11,10,292,10,83706,0
11/4/2018,12,7,0,10,2,11,4:48 AM,5:29 PM,8:24 AM,6:31 PM,0,7,9,7,15,45,55,0.7,1015,12,9,140,8,83706,1
11/5/2018,10,3,0,10,3,4,5:58 AM,5:58 PM,8:26 AM,6:30 PM,-1,4,6,4,18,23,62,0,1018,10,10,315,11,83706,0
11/6/2018,9,2,0,10,2,0,7:08 AM,6:28 PM,8:27 AM,6:29 PM,-2,3,5,3,14,20,63,0.2,1022,9,10,270,8,83706,1
11/7/2018,8,0,0,10,2,0,8:16 AM,6:59 PM,8:28 AM,6:28 PM,-5,1,3,1,13,8,58,0,1025,8,10,231,8,83706,0
11/8/2018,6,-2,0,10,2,0,9:23 AM,7:34 PM,8:30 AM,6:27 PM,-9,-2,1,-2,18,1,50,0,1032,6,10,317,11,83706,0
11/9/2018,7,-3,0,9.9,2,4,10:26 AM,8:12 PM,8:31 AM,6:25 PM,-13,0,1,0,12,17,33,0,1029,7,10,144,7,83706,0
11/10/2018,6,-1,0,9.9,2,11,11:27 AM,8:55 PM,8:32 AM,6:24 PM,-11,-2,2,-2,23,7,37,0,1023,6,10,286,14,83706,0
11/11/2018,5,-4,0,9.9,2,19,12:21 PM,9:43 PM,8:33 AM,6:23 PM,-8,-3,0,-3,15,0,56,0,1031,5,10,315,9,83706,0
11/12/2018,5,-3,0,9.9,2,26,1:10 PM,10:35 PM,8:35 AM,6:22 PM,-11,-1,0,-1,10,4,43,0,1037,5,10,163,6,83706,0
11/13/2018,8,-2,0,8.3,2,34,1:52 PM,11:31 PM,8:36 AM,6:21 PM,-13,0,2,0,12,30,34,0,1036,8,10,131,7,83706,0
11/14/2018,8,-1,0,9.8,2,41,2:29 PM,No moonset,8:37 AM,6:20 PM,-12,1,2,1,9,10,35,0,1031,8,10,170,5,83706,0
11/15/2018,10,0,0,9.8,2,49,3:02 PM,12:28 AM,8:39 AM,6:19 PM,-8,3,4,3,8,12,44,0,1026,10,10,177,4,83706,0
11/16/2018,10,1,0,9.8,2,56,3:31 PM,1:27 AM,8:40 AM,6:18 PM,-3,3,4,3,11,18,59,0,1020,10,10,169,7,83706,0
11/17/2018,7,0,0,9.8,2,64,3:58 PM,2:27 AM,8:41 AM,6:17 PM,-2,3,4,3,9,12,70,0,1024,7,10,230,5,83706,0
11/18/2018,7,-1,0,9.7,2,72,4:24 PM,3:29 AM,8:43 AM,6:17 PM,-4,1,2,1,9,1,65,0,1026,7,10,128,5,83706,0
11/19/2018,6,-3,0,9.7,2,79,4:51 PM,4:31 AM,8:44 AM,6:16 PM,-9,0,1,0,8,2,47,0,1026,6,10,139,5,83706,0
11/20/2018,7,-2,0,9.7,2,87,5:18 PM,5:37 AM,8:45 AM,6:15 PM,-10,0,1,0,9,16,43,0,1023,7,10,140,5,83706,0
11/21/2018,8,-3,0,9.7,2,94,5:49 PM,6:44 AM,8:46 AM,6:14 PM,-11,0,2,0,11,28,39,0,1019,8,10,121,6,83706,0
11/22/2018,10,3,0,9.7,3,100,6:23 PM,7:53 AM,8:48 AM,6:14 PM,-4,4,6,4,19,56,47,2.2,1012,10,9,161,11,83706,1
11/23/2018,6,2,0,6.5,1,100,7:04 PM,9:04 AM,8:49 AM,6:13 PM,0,1,4,1,23,69,72,1.6,1012,6,10,165,15,83706,1
11/24/2018,5,-1,0,9.6,2,83,7:53 PM,10:14 AM,8:50 AM,6:12 PM,-3,-2,2,-2,26,17,69,0.1,1017,5,10,312,17,83706,1
11/25/2018,5,-2,0,9.6,2,76,8:50 PM,11:21 AM,8:51 AM,6:12 PM,-5,-1,1,-1,10,5,64,0,1028,5,10,130,6,83706,0
11/26/2018,6,-2,0,9.6,2,68,9:55 PM,12:20 PM,8:53 AM,6:11 PM,-7,-2,1,-2,15,25,57,0,1029,6,10,123,9,83706,0
11/27/2018,6,1,0,6.5,1,60,11:04 PM,1:12 PM,8:54 AM,6:11 PM,-4,1,4,1,23,82,57,1.4,1018,6,8,123,12,83706,1
11/28/2018,7,1,0,9.6,2,53,No moonrise,1:55 PM,8:55 AM,6:10 PM,0,2,3,2,7,38,82,0,1012,7,10,102,4,83706,0
11/29/2018,6,1,0,9.5,2,45,12:16 AM,2:31 PM,8:56 AM,6:10 PM,-2,1,3,1,13,34,73,0.3,1007,6,10,162,7,83706,1
11/30/2018,4,-5,2,6.5,1,38,1:28 AM,3:04 PM,8:57 AM,6:09 PM,0,-1,2,-1,15,75,84,4,1008,4,8,257,10,83706,1
12/1/2018,3,0,0.4,4.8,1,36,2:38 AM,3:34 PM,8:58 AM,6:09 PM,-2,-2,1,-2,18,87,83,0.5,1012,3,9,130,12,83706,1
12/2/2018,1,-3,0.4,6.5,1,29,3:47 AM,4:02 PM,8:59 AM,6:09 PM,-3,-4,-1,-4,13,91,86,0.5,1018,1,8,299,9,83706,1
12/3/2018,1,-6,0,9.1,2,22,4:55 AM,4:30 PM,9:00 AM,6:09 PM,-5,-5,-3,-5,9,29,85,0,1029,1,10,226,5,83706,0
12/4/2018,-1,-8,0,8.7,2,15,6:02 AM,5:00 PM,9:02 AM,6:08 PM,-9,-9,-6,-9,14,15,77,0,1034,-1,10,106,8,83706,0
12/5/2018,-4,-11,0,8.7,2,7,7:09 AM,5:32 PM,9:03 AM,6:08 PM,-13,-11,-8,-11,10,31,69,0,1028,-4,10,108,5,83706,0
12/6/2018,-4,-11,0,8.7,2,0,8:13 AM,6:08 PM,9:04 AM,6:08 PM,-13,-12,-9,-12,11,5,73,0,1029,-4,10,106,6,83706,0
12/7/2018,-3,-10,0,8.7,2,0,9:15 AM,6:49 PM,9:05 AM,6:08 PM,-12,-10,-7,-10,10,13,70,0,1030,-3,10,113,5,83706,0
12/8/2018,-1,-8,0,8.7,2,0,10:12 AM,7:35 PM,9:05 AM,6:08 PM,-8,-7,-6,-7,8,29,80,0,1033,-1,10,191,5,83706,0
12/9/2018,1,-6,0,6.9,2,7,11:04 AM,8:25 PM,9:06 AM,6:08 PM,-6,-8,-3,-8,22,24,80,0,1035,1,10,124,12,83706,0
12/10/2018,-1,-6,0,6.9,2,14,11:49 AM,9:20 PM,9:07 AM,6:08 PM,-7,-6,-4,-6,11,42,78,0,1029,-1,10,185,6,83706,0
12/11/2018,1,-5,0,3.4,1,21,12:28 PM,10:16 PM,9:08 AM,6:08 PM,-5,-6,-2,-6,20,63,83,0,1028,1,10,95,11,83706,0
12/12/2018,2,-3,1.7,8.7,2,29,1:03 PM,11:15 PM,9:09 AM,6:08 PM,-3,-4,0,-4,26,51,80,2,1023,2,9,235,15,83706,1
12/13/2018,3,-4,0,8.7,2,36,1:33 PM,No moonset,9:10 AM,6:08 PM,-7,-6,-1,-6,25,14,66,0,1033,3,10,109,13,83706,0
12/14/2018,3,-4,0,8.7,2,43,2:00 PM,12:14 AM,9:11 AM,6:08 PM,-7,-6,-1,-6,41,29,64,0,1026,3,10,135,22,83706,0
12/15/2018,4,-1,0,6.9,2,51,2:26 PM,1:14 AM,9:11 AM,6:09 PM,-3,-2,1,-2,21,26,75,0.1,1023,4,10,124,11,83706,1
12/16/2018,6,1,0,6.9,2,58,2:51 PM,2:15 AM,9:12 AM,6:09 PM,-2,0,3,0,29,31,69,0.1,1022,6,10,126,15,83706,1
12/17/2018,6,3,0,6.9,2,65,3:18 PM,3:18 AM,9:13 AM,6:09 PM,1,2,4,2,13,68,80,3.4,1019,6,9,125,7,83706,1
12/18/2018,6,2,0,5.1,1,72,3:46 PM,4:22 AM,9:13 AM,6:10 PM,1,1,4,1,28,61,81,6.1,1020,6,9,135,15,83706,1
12/19/2018,6,1,0,8.7,2,80,4:17 PM,5:30 AM,9:14 AM,6:10 PM,0,2,3,2,11,32,79,0.1,1027,6,10,251,6,83706,1
12/20/2018,7,1,0,6.9,2,87,4:55 PM,6:40 AM,9:15 AM,6:10 PM,-2,1,4,1,27,31,64,0,1022,7,10,122,14,83706,0
12/21/2018,4,-1,0,6.9,2,94,5:40 PM,7:51 AM,9:15 AM,6:11 PM,-3,-1,2,-1,14,53,72,1,1020,4,9,309,10,83706,1
12/22/2018,1,-4,0,6.9,2,100,6:33 PM,9:01 AM,9:16 AM,6:11 PM,-7,-4,-2,-4,12,26,68,0,1029,1,10,191,7,83706,0
12/23/2018,2,-1,0.5,3.4,1,100,7:37 PM,10:06 AM,9:16 AM,6:12 PM,-6,-4,1,-4,27,54,62,0.6,1025,2,9,126,16,83706,1
12/24/2018,4,1,0,8.7,1,84,8:47 PM,11:03 AM,9:16 AM,6:13 PM,0,-1,2,-1,17,68,85,1.3,1019,4,9,124,11,83706,1
12/25/2018,3,-1,0.2,8.7,2,77,10:01 PM,11:52 AM,9:17 AM,6:13 PM,-2,-2,1,-2,19,45,80,0.2,1017,3,9,281,12,83706,1
12/26/2018,2,-4,0,8.7,2,69,11:16 PM,12:32 PM,9:17 AM,6:14 PM,-8,-4,-2,-4,12,40,64,0,1024,2,10,152,7,83706,0
12/27/2018,1,-4,0,8.7,2,62,No moonrise,1:07 PM,9:17 AM,6:15 PM,-5,-6,-2,-6,21,45,81,0,1023,1,9,296,14,83706,0
12/28/2018,-1,-6,0,8.7,2,55,12:28 AM,1:38 PM,9:18 AM,6:15 PM,-9,-8,-4,-8,20,8,65,0,1031,-1,10,284,12,83706,0
12/29/2018,1,-3,0.4,6.9,1,48,1:39 AM,2:07 PM,9:18 AM,6:16 PM,-5,-3,-1,-3,10,61,75,0.5,1029,1,9,85,6,83706,1
12/30/2018,2,-2,1.4,8.7,1,40,2:47 AM,2:35 PM,9:18 AM,6:17 PM,-3,-3,1,-3,26,52,77,2.5,1018,2,9,241,16,83706,1
12/31/2018,-1,-7,0,8.7,2,36,3:55 AM,3:04 PM,9:18 AM,6:18 PM,-9,-8,-4,-8,19,6,65,0,1027,-1,10,329,12,83706,0
